{"step": [0.0, 50.0, 100.0, 150.0, 200.0, 250.0, 300.0, 350.0, 400.0, 450.0, 500.0, 550.0, 600.0, 650.0, 700.0, 750.0, 800.0, 850.0, 900.0, 950.0, 999.0], "loss": [0.010053128004074097, 0.00950966402888298, 0.00909395795315504, 0.008711042813956738, 0.008310895413160324, 0.008007279597222805, 0.007697687484323978, 0.0074042147025465965, 0.007118844427168369, 0.006871481891721487, 0.006575231906026602, 0.006325463764369488, 0.00608061533421278, 0.005846493877470493, 0.005584501661360264, 0.005363221280276775, 0.005134426988661289, 0.004935192875564098, 0.004737180192023516, 0.010340400040149689, 0.07458984106779099], "td_mse": [0.010053131729364395, 0.009509776718914509, 0.009094126522541046, 0.008711285889148712, 0.008311176672577858, 0.008007789961993694, 0.007698145695030689, 0.007404770702123642, 0.007119431160390377, 0.006872177589684725, 0.006576091982424259, 0.006325993221253157, 0.006081439554691315, 0.005846967920660973, 0.005585347302258015, 0.005363576114177704, 0.00513482978567481, 0.004935818258672953, 0.00473796995356679, 0.010337438434362411, 0.0745425894856453], "dtd_mse": [0.010053128004074097, 0.009509663097560406, 0.00909395795315504, 0.008711043745279312, 0.008310895413160324, 0.00800727866590023, 0.007697688415646553, 0.0074042147025465965, 0.007118844427168369, 0.0068714814260602, 0.006575232371687889, 0.006325463764369488, 0.006080615799874067, 0.005846493877470493, 0.005584501661360264, 0.005363220348954201, 0.0051344274543225765, 0.004935192409902811, 0.004737179260700941, 0.01033672597259283, 0.07454536110162735], "pinn_mse": [NaN, NaN, NaN, NaN, NaN, NaN, NaN, NaN, NaN, NaN, NaN, NaN, NaN, NaN, NaN, NaN, NaN, NaN, NaN, NaN, NaN], "terminal_mse": [NaN, NaN, NaN, NaN, NaN, NaN, NaN, NaN, NaN, NaN, NaN, NaN, NaN, NaN, NaN, NaN, NaN, NaN, NaN, NaN, NaN], "mae": [219.8714000157288, 210.0913617465666, 202.68852866627486, 195.8729113433531, 189.3270030067137, 182.96545479275497, 176.74102245785508, 170.64662849880966, 164.66212028958114, 159.0139380199634, 153.94299991229317, 149.38799319636547, 145.2821089936258, 141.5839888924638, 138.25391487668128, 135.26247570773495, 132.5731969477073, 130.15990525445025, 127.98792422835433, 124.13264402980342, 124.69117808081421], "rmse": [261.3183562567105, 253.03566288576013, 246.9988299029985, 241.4537078434218, 236.18163035476465, 231.11726342227269, 226.22395775149974, 221.49682595904926, 216.9208136144133, 212.49361430478726, 208.21650265432513, 204.09415675420416, 200.1163553397766, 196.2862687646276, 192.60625553335638, 189.07945644983096, 185.69971710524595, 182.4711868128321, 179.38505545030588, 175.99172339657258, 173.73147170099827], "mape": [0.9970057698972112, 0.9300880142334591, 0.8777222755616738, 0.8300843604359912, 0.7844276691553389, 0.7400908621392471, 0.6967256628917992, 0.6542747269761167, 0.6125942983313475, 0.5756460381688132, 0.5471177666683674, 0.5253645744541177, 0.5090767955133396, 0.4973314080868975, 0.48935272886385983, 0.48456503375617815, 0.4824496579108829, 0.4825624494362078, 0.4844608431151008, 0.458354525329993, 0.4962188792114784], "v_w_mae": [405.86945227163335, 405.5581986309732, 405.73345302445654, 405.76869654778113, 405.78312996342737, 405.79074784214885, 405.7952333319738, 405.7981185064854, 405.80001211606464, 405.80125414067544, 405.8020229675728, 405.80240487949783, 405.8024166495907, 405.8020000643454, 405.8010268993583, 405.799118632197, 405.79548565717795, 405.7871774887598, 405.757101989371, 402.55106590056755, 400.719674807777], "v_w_norm": [0.14419691264629364, 0.36417797207832336, 0.1350921392440796, 0.0800548791885376, 0.05542680621147156, 0.04200723394751549, 0.03397053852677345, 0.02879740111529827, 0.025399286299943924, 0.02317562885582447, 0.021805539727211, 0.021132370457053185, 0.021123388782143593, 0.021888289600610733, 0.023677879944443703, 0.027224689722061157, 0.03412230685353279, 0.05042358860373497, 0.1130746379494667, 9.59988784790039, 48.3653678894043], "hjb_rmse": [25.28929104853248, 24.622192394002305, 24.13961002742745, 23.69376939778352, 23.268589404091127, 22.858963847593735, 22.46193918293602, 22.077091071667617, 21.70314907392018, 21.3398700244496, 20.987302580727526, 20.645781238249075, 20.314407136440455, 19.993391131247275, 19.68288685675933, 19.383128815886394, 19.093574383222606, 18.814592859027762, 18.545622055330483, 18.295748693339604, 18.005731425358753]}