{
  "params": {
    "r": 0.02,
    "mu": [
      0.08,
      0.08,
      0.08,
      0.08,
      0.08,
      0.08,
      0.08,
      0.08,
      0.08,
      0.08,
      0.08,
      0.08,
      0.08,
      0.08,
      0.08,
      0.08,
      0.08,
      0.08,
      0.08,
      0.08
    ],
    "sigma": [
      0.2,
      0.2,
      0.2,
      0.2,
      0.2,
      0.2,
      0.2,
      0.2,
      0.2,
      0.2,
      0.2,
      0.2,
      0.2,
      0.2,
      0.2,
      0.2,
      0.2,
      0.2,
      0.2,
      0.2
    ],
    "gamma": 2.0,
    "rho": 0.08
  },
  "policy": {
    "pi": [
      0.05,
      0.05,
      0.05,
      0.05,
      0.05,
      0.05,
      0.05,
      0.05,
      0.05,
      0.05,
      0.05,
      0.05,
      0.05,
      0.05,
      0.05,
      0.05,
      0.05,
      0.05,
      0.05,
      0.05
    ],
    "kappa": 0.06125
  },
  "train_cfg": {
    "seed": 0,
    "batch_size": 512,
    "num_steps": 1000,
    "learning_rate": 0.002,
    "dt": 0.003968253968253968,
    "wealth_min": 0.3,
    "wealth_max": 3.0,
    "eval_points": 200,
    "beta": 0.5,
    "device": "cpu",
    "log_every": 50,
    "num_replicas": 1
  },
  "loss": "naive_dtd",
  "config": {
    "loss": "naive_dtd",
    "beta": 0.5,
    "sigma": "0.20,0.20,0.20,0.20,0.20,0.20,0.20,0.20,0.20,0.20,0.20,0.20,0.20,0.20,0.20,0.20,0.20,0.20,0.20,0.20",
    "lr": 0.002,
    "batch_size": 512,
    "seed": 0,
    "num_replicas": 1
  },
  "mae": 124.69117808081421,
  "rmse": 173.73147170099827,
  "mape": 0.4962188792114784,
  "v_w_mae": 400.719674807777,
  "v_w_norm": 48.3653678894043,
  "v_w_norm_true": 623.3890005195981,
  "hjb_rmse": 18.005731425358753
}