{
  "run_id": "sig0.2_lr0.005_B4096_beta_dtd_beta0.25_s0",
  "config": {
    "loss": "beta_dtd",
    "beta": 0.25,
    "sigma": 0.2,
    "lr": 0.005,
    "batch_size": 4096,
    "seed": 0,
    "r": 0.02,
    "mu": 0.08,
    "gamma": 2.0,
    "rho": 0.08,
    "pi": 0.75,
    "kappa": 0.06125,
    "num_steps": 15000,
    "dt": 0.003968253968253968,
    "wealth_min": 0.3,
    "wealth_max": 3.0,
    "eval_points": 200,
    "log_every": 50,
    "out_dir": "results/hpo_sweep",
    "run_id": "sig0.2_lr0.005_B4096_beta_dtd_beta0.25_s0"
  },
  "elapsed_sec": 387.90096521377563,
  "params": {
    "r": 0.02,
    "mu": 0.08,
    "sigma": 0.2,
    "gamma": 2.0,
    "rho": 0.08
  },
  "policy": {
    "pi": 0.75,
    "kappa": 0.06125
  },
  "train_cfg": {
    "seed": 0,
    "batch_size": 4096,
    "num_steps": 15000,
    "learning_rate": 0.005,
    "dt": 0.003968253968253968,
    "wealth_min": 0.3,
    "wealth_max": 3.0,
    "eval_points": 200,
    "beta": 0.25,
    "device": "cpu",
    "log_every": 50,
    "num_replicas": 1
  },
  "mae": 23.430976285551395,
  "rmse": 26.988560862925876,
  "mape": 0.08120670219065573,
  "v_w_mae": 103.06268623642882,
  "v_w_norm": 1036.17626953125,
  "v_w_norm_true": 984.7001763309571,
  "hjb_rmse": 14.23297853875413,
  "dtd_noise_floor": 14.89399587429063
}