{
  "run_id": "sig0.2_lr0.0005_B256_beta_dtd_beta0.1_s0",
  "config": {
    "loss": "beta_dtd",
    "beta": 0.1,
    "sigma": 0.2,
    "lr": 0.0005,
    "batch_size": 256,
    "seed": 0,
    "r": 0.02,
    "mu": 0.08,
    "gamma": 2.0,
    "rho": 0.08,
    "pi": 0.75,
    "kappa": 0.06125,
    "num_steps": 15000,
    "dt": 0.003968253968253968,
    "wealth_min": 0.3,
    "wealth_max": 3.0,
    "eval_points": 200,
    "log_every": 50,
    "out_dir": "results/hpo_sweep",
    "run_id": "sig0.2_lr0.0005_B256_beta_dtd_beta0.1_s0"
  },
  "elapsed_sec": 158.604740858078,
  "params": {
    "r": 0.02,
    "mu": 0.08,
    "sigma": 0.2,
    "gamma": 2.0,
    "rho": 0.08
  },
  "policy": {
    "pi": 0.75,
    "kappa": 0.06125
  },
  "train_cfg": {
    "seed": 0,
    "batch_size": 256,
    "num_steps": 15000,
    "learning_rate": 0.0005,
    "dt": 0.003968253968253968,
    "wealth_min": 0.3,
    "wealth_max": 3.0,
    "eval_points": 200,
    "beta": 0.1,
    "device": "cpu",
    "log_every": 50,
    "num_replicas": 1
  },
  "mae": 81.58389383816301,
  "rmse": 130.98861989770955,
  "mape": 0.18273533327511948,
  "v_w_mae": 425.52309504063334,
  "v_w_norm": 254.25131225585938,
  "v_w_norm_true": 984.7001763309571,
  "hjb_rmse": 3.7712522220959093,
  "dtd_noise_floor": 3.022637729461651
}