{
  "run_id": "sig0.05_lr0.002_B256_beta_dtd_beta0.25_s0",
  "config": {
    "loss": "beta_dtd",
    "beta": 0.25,
    "sigma": 0.05,
    "lr": 0.002,
    "batch_size": 256,
    "seed": 0,
    "r": 0.02,
    "mu": 0.08,
    "gamma": 2.0,
    "rho": 0.08,
    "pi": 0.75,
    "kappa": 0.06125,
    "num_steps": 15000,
    "dt": 0.003968253968253968,
    "wealth_min": 0.3,
    "wealth_max": 3.0,
    "eval_points": 200,
    "log_every": 50,
    "out_dir": "results/hpo_sweep",
    "run_id": "sig0.05_lr0.002_B256_beta_dtd_beta0.25_s0"
  },
  "elapsed_sec": 37.414798974990845,
  "params": {
    "r": 0.02,
    "mu": 0.08,
    "sigma": 0.05,
    "gamma": 2.0,
    "rho": 0.08
  },
  "policy": {
    "pi": 0.75,
    "kappa": 0.06125
  },
  "train_cfg": {
    "seed": 0,
    "batch_size": 256,
    "num_steps": 15000,
    "learning_rate": 0.002,
    "dt": 0.003968253968253968,
    "wealth_min": 0.3,
    "wealth_max": 3.0,
    "eval_points": 200,
    "beta": 0.25,
    "device": "cpu",
    "log_every": 50,
    "num_replicas": 1
  },
  "mae": 26.854024663990657,
  "rmse": 31.305129791455503,
  "mape": 0.12336721128602536,
  "v_w_mae": 272.2977853980942,
  "v_w_norm": 477.1087646484375,
  "v_w_norm_true": 732.4525030772962,
  "hjb_rmse": 3.3654836962984342,
  "dtd_noise_floor": 0.4427971490402154
}