{
  "run_id": "sig0.2_lr0.0005_B1024_beta_dtd_beta0.75_s1",
  "config": {
    "loss": "beta_dtd",
    "beta": 0.75,
    "sigma": 0.2,
    "lr": 0.0005,
    "batch_size": 1024,
    "seed": 1,
    "r": 0.02,
    "mu": 0.08,
    "gamma": 2.0,
    "rho": 0.08,
    "pi": 0.75,
    "kappa": 0.06125,
    "num_steps": 15000,
    "dt": 0.003968253968253968,
    "wealth_min": 0.3,
    "wealth_max": 3.0,
    "eval_points": 200,
    "log_every": 50,
    "out_dir": "results/hpo_sweep",
    "run_id": "sig0.2_lr0.0005_B1024_beta_dtd_beta0.75_s1"
  },
  "elapsed_sec": 284.9924728870392,
  "params": {
    "r": 0.02,
    "mu": 0.08,
    "sigma": 0.2,
    "gamma": 2.0,
    "rho": 0.08
  },
  "policy": {
    "pi": 0.75,
    "kappa": 0.06125
  },
  "train_cfg": {
    "seed": 1,
    "batch_size": 1024,
    "num_steps": 15000,
    "learning_rate": 0.0005,
    "dt": 0.003968253968253968,
    "wealth_min": 0.3,
    "wealth_max": 3.0,
    "eval_points": 200,
    "beta": 0.75,
    "device": "cpu",
    "log_every": 50,
    "num_replicas": 1
  },
  "mae": 111.18088819286986,
  "rmse": 144.98726920959993,
  "mape": 0.39761386258741865,
  "v_w_mae": 465.1205555031229,
  "v_w_norm": 219.57778930664062,
  "v_w_norm_true": 984.7001763309571,
  "hjb_rmse": 7.876655252609052,
  "dtd_noise_floor": 1.442275956958938
}