{
  "batches": [
    64,
    256,
    2048
  ],
  "betas": [
    0.0,
    0.05,
    0.1,
    0.25,
    0.5
  ],
  "best_mae": [
    [
      24.63679232625983,
      21.172865427859698,
      22.81727727256583,
      19.041329578372487,
      23.736422749999292
    ],
    [
      14.22510475835918,
      14.640001420791519,
      14.558613760590298,
      11.616060089388236,
      10.81621891336257
    ],
    [
      7.60125336547976,
      7.0426983395305545,
      7.745374377585039,
      11.252489307930597,
      28.75624547917997
    ]
  ],
  "best_step": [
    [
      18350,
      18450,
      18450,
      18450,
      17750
    ],
    [
      12900,
      12900,
      12900,
      18050,
      16300
    ],
    [
      14250,
      18050,
      16900,
      17100,
      15650
    ]
  ],
  "best_v_w_norm": [
    [
      625.6067504882812,
      999.3247680664062,
      1010.5261840820312,
      980.0227661132812,
      772.03662109375
    ],
    [
      837.3760986328125,
      785.5169067382812,
      779.6354370117188,
      715.6550903320312,
      766.2392578125
    ],
    [
      837.4451293945312,
      987.8656005859375,
      868.9598388671875,
      1068.3990478515625,
      869.2850341796875
    ]
  ],
  "v_w_norm_truth": 984.7001763309571,
  "meta": {
    "params": {
      "r": 0.02,
      "mu": 0.08,
      "sigma": 0.2,
      "gamma": 2.0,
      "rho": 0.08
    },
    "policy": {
      "pi": 0.75,
      "kappa": 0.06125
    },
    "num_steps": 20000,
    "lr": 0.002,
    "dt": 0.003968253968253968,
    "sigma": 0.2
  }
}