{
  "run_id": "sig0.2_lr0.002_B4096_td_beta0_s1",
  "config": {
    "loss": "td",
    "beta": 0.0,
    "sigma": 0.2,
    "lr": 0.002,
    "batch_size": 4096,
    "seed": 1,
    "r": 0.02,
    "mu": 0.08,
    "gamma": 2.0,
    "rho": 0.08,
    "pi": 0.75,
    "kappa": 0.06125,
    "num_steps": 15000,
    "dt": 0.003968253968253968,
    "wealth_min": 0.3,
    "wealth_max": 3.0,
    "eval_points": 200,
    "log_every": 50,
    "out_dir": "results/hpo_sweep",
    "run_id": "sig0.2_lr0.002_B4096_td_beta0_s1"
  },
  "elapsed_sec": 905.7670691013336,
  "params": {
    "r": 0.02,
    "mu": 0.08,
    "sigma": 0.2,
    "gamma": 2.0,
    "rho": 0.08
  },
  "policy": {
    "pi": 0.75,
    "kappa": 0.06125
  },
  "train_cfg": {
    "seed": 1,
    "batch_size": 4096,
    "num_steps": 15000,
    "learning_rate": 0.002,
    "dt": 0.003968253968253968,
    "wealth_min": 0.3,
    "wealth_max": 3.0,
    "eval_points": 200,
    "beta": 0.0,
    "device": "cpu",
    "log_every": 50,
    "num_replicas": 1
  },
  "mae": 10.26676725693861,
  "rmse": 11.818346236001297,
  "mape": 0.03519755303041016,
  "v_w_mae": 52.05158266019491,
  "v_w_norm": 982.5049438476562,
  "v_w_norm_true": 984.7001763309571,
  "hjb_rmse": 7.131194130773075,
  "dtd_noise_floor": 15.532704930321325
}