{
  "params": {
    "r": 0.02,
    "mu": 0.08,
    "sigma": 0.05,
    "gamma": 2.0,
    "rho": 0.08
  },
  "policy": {
    "pi": 0.75,
    "kappa": 0.06125
  },
  "train_cfg": {
    "seed": 2,
    "batch_size": 256,
    "num_steps": 15000,
    "learning_rate": 0.005,
    "dt": 0.003968253968253968,
    "wealth_min": 0.3,
    "wealth_max": 3.0,
    "eval_points": 200,
    "beta": 0.5,
    "device": "cpu",
    "log_every": 100,
    "num_replicas": 32
  },
  "loss": "beta_dtd_mean",
  "config": {
    "loss": "beta_dtd_mean",
    "beta": 0.5,
    "sigma": 0.05,
    "lr": 0.005,
    "batch_size": 256,
    "seed": 2,
    "num_replicas": 32
  },
  "mae": 18.43440766276667,
  "rmse": 24.315306620318772,
  "mape": 0.11083926879578172,
  "v_w_mae": 344.21802377528,
  "v_w_norm": 1035.236328125,
  "v_w_norm_true": 732.4525030772962,
  "hjb_rmse": 6.724559115435371
}