{
  "run_id": "sig0.05_lr0.005_B256_beta_dtd_beta0.1_s2",
  "config": {
    "loss": "beta_dtd",
    "beta": 0.1,
    "sigma": 0.05,
    "lr": 0.005,
    "batch_size": 256,
    "seed": 2,
    "r": 0.02,
    "mu": 0.08,
    "gamma": 2.0,
    "rho": 0.08,
    "pi": 0.75,
    "kappa": 0.06125,
    "num_steps": 15000,
    "dt": 0.003968253968253968,
    "wealth_min": 0.3,
    "wealth_max": 3.0,
    "eval_points": 200,
    "log_every": 50,
    "out_dir": "results/hpo_sweep",
    "run_id": "sig0.05_lr0.005_B256_beta_dtd_beta0.1_s2"
  },
  "elapsed_sec": 130.27516412734985,
  "params": {
    "r": 0.02,
    "mu": 0.08,
    "sigma": 0.05,
    "gamma": 2.0,
    "rho": 0.08
  },
  "policy": {
    "pi": 0.75,
    "kappa": 0.06125
  },
  "train_cfg": {
    "seed": 2,
    "batch_size": 256,
    "num_steps": 15000,
    "learning_rate": 0.005,
    "dt": 0.003968253968253968,
    "wealth_min": 0.3,
    "wealth_max": 3.0,
    "eval_points": 200,
    "beta": 0.1,
    "device": "cpu",
    "log_every": 50,
    "num_replicas": 1
  },
  "mae": 41.311529993407504,
  "rmse": 56.92175396360832,
  "mape": 0.16529506487382528,
  "v_w_mae": 264.5277358318144,
  "v_w_norm": 398.3598327636719,
  "v_w_norm_true": 732.4525030772962,
  "hjb_rmse": 5.493916932536184,
  "dtd_noise_floor": 0.3109939603195465
}