{
  "params": {
    "r": 0.02,
    "mu": 0.08,
    "sigma": 0.1,
    "gamma": 2.0,
    "rho": 0.08
  },
  "policy": {
    "pi": 0.75,
    "kappa": 0.06125
  },
  "train_cfg": {
    "seed": 0,
    "batch_size": 2048,
    "num_steps": 12000,
    "learning_rate": 0.002,
    "dt": 0.003968253968253968,
    "wealth_min": 0.3,
    "wealth_max": 3.0,
    "eval_points": 200,
    "beta": 0.5,
    "device": "cpu",
    "log_every": 100,
    "num_replicas": 1
  },
  "loss": "td",
  "mae": 10.381047042732416,
  "rmse": 11.93800364726251,
  "mape": 0.04960986183301769,
  "v_w_mae": 116.89574435581645,
  "v_w_norm": 784.00927734375,
  "v_w_norm_true": 772.0049382434704,
  "hjb_rmse": 4.938814177028832,
  "dtd_noise_floor": 2.5290660762183212
}