{
  "run_id": "sig0.2_lr0.005_B4096_td_beta0_s0",
  "config": {
    "loss": "td",
    "beta": 0.0,
    "sigma": 0.2,
    "lr": 0.005,
    "batch_size": 4096,
    "seed": 0,
    "r": 0.02,
    "mu": 0.08,
    "gamma": 2.0,
    "rho": 0.08,
    "pi": 0.75,
    "kappa": 0.06125,
    "num_steps": 15000,
    "dt": 0.003968253968253968,
    "wealth_min": 0.3,
    "wealth_max": 3.0,
    "eval_points": 200,
    "log_every": 50,
    "out_dir": "results/hpo_sweep",
    "run_id": "sig0.2_lr0.005_B4096_td_beta0_s0"
  },
  "elapsed_sec": 293.2988340854645,
  "params": {
    "r": 0.02,
    "mu": 0.08,
    "sigma": 0.2,
    "gamma": 2.0,
    "rho": 0.08
  },
  "policy": {
    "pi": 0.75,
    "kappa": 0.06125
  },
  "train_cfg": {
    "seed": 0,
    "batch_size": 4096,
    "num_steps": 15000,
    "learning_rate": 0.005,
    "dt": 0.003968253968253968,
    "wealth_min": 0.3,
    "wealth_max": 3.0,
    "eval_points": 200,
    "beta": 0.0,
    "device": "cpu",
    "log_every": 50,
    "num_replicas": 1
  },
  "mae": 23.075903646894787,
  "rmse": 32.302586466093565,
  "mape": 0.05249084035426578,
  "v_w_mae": 176.42789789850858,
  "v_w_norm": 1204.47119140625,
  "v_w_norm_true": 984.7001763309571,
  "hjb_rmse": 28.27537946983129,
  "dtd_noise_floor": 18.509246661698363
}