{
  "run_id": "sig0.05_lr0.005_B4096_td_beta0_s1",
  "config": {
    "loss": "td",
    "beta": 0.0,
    "sigma": 0.05,
    "lr": 0.005,
    "batch_size": 4096,
    "seed": 1,
    "r": 0.02,
    "mu": 0.08,
    "gamma": 2.0,
    "rho": 0.08,
    "pi": 0.75,
    "kappa": 0.06125,
    "num_steps": 15000,
    "dt": 0.003968253968253968,
    "wealth_min": 0.3,
    "wealth_max": 3.0,
    "eval_points": 200,
    "log_every": 50,
    "out_dir": "results/hpo_sweep",
    "run_id": "sig0.05_lr0.005_B4096_td_beta0_s1"
  },
  "elapsed_sec": 1099.4336400032043,
  "params": {
    "r": 0.02,
    "mu": 0.08,
    "sigma": 0.05,
    "gamma": 2.0,
    "rho": 0.08
  },
  "policy": {
    "pi": 0.75,
    "kappa": 0.06125
  },
  "train_cfg": {
    "seed": 1,
    "batch_size": 4096,
    "num_steps": 15000,
    "learning_rate": 0.005,
    "dt": 0.003968253968253968,
    "wealth_min": 0.3,
    "wealth_max": 3.0,
    "eval_points": 200,
    "beta": 0.0,
    "device": "cpu",
    "log_every": 50,
    "num_replicas": 1
  },
  "mae": 8.440522276809391,
  "rmse": 10.597870585220475,
  "mape": 0.03754205617342885,
  "v_w_mae": 123.28635046863332,
  "v_w_norm": 717.4276123046875,
  "v_w_norm_true": 732.4525030772962,
  "hjb_rmse": 2.516959310185155,
  "dtd_noise_floor": 0.514204235416644
}