{
  "run_id": "sig0.2_lr0.0005_B256_beta_dtd_beta0.1_s2",
  "config": {
    "loss": "beta_dtd",
    "beta": 0.1,
    "sigma": 0.2,
    "lr": 0.0005,
    "batch_size": 256,
    "seed": 2,
    "r": 0.02,
    "mu": 0.08,
    "gamma": 2.0,
    "rho": 0.08,
    "pi": 0.75,
    "kappa": 0.06125,
    "num_steps": 15000,
    "dt": 0.003968253968253968,
    "wealth_min": 0.3,
    "wealth_max": 3.0,
    "eval_points": 200,
    "log_every": 50,
    "out_dir": "results/hpo_sweep",
    "run_id": "sig0.2_lr0.0005_B256_beta_dtd_beta0.1_s2"
  },
  "elapsed_sec": 96.78171801567078,
  "params": {
    "r": 0.02,
    "mu": 0.08,
    "sigma": 0.2,
    "gamma": 2.0,
    "rho": 0.08
  },
  "policy": {
    "pi": 0.75,
    "kappa": 0.06125
  },
  "train_cfg": {
    "seed": 2,
    "batch_size": 256,
    "num_steps": 15000,
    "learning_rate": 0.0005,
    "dt": 0.003968253968253968,
    "wealth_min": 0.3,
    "wealth_max": 3.0,
    "eval_points": 200,
    "beta": 0.1,
    "device": "cpu",
    "log_every": 50,
    "num_replicas": 1
  },
  "mae": 74.56270793540118,
  "rmse": 127.95920856996275,
  "mape": 0.14735139956476664,
  "v_w_mae": 441.86312573124496,
  "v_w_norm": 237.32583618164062,
  "v_w_norm_true": 984.7001763309571,
  "hjb_rmse": 3.4668871026313615,
  "dtd_noise_floor": 2.596107554398582
}