{"step": [0.0, 50.0, 100.0, 150.0, 200.0, 250.0, 300.0, 350.0, 400.0, 450.0, 500.0, 550.0, 600.0, 650.0, 700.0, 750.0, 800.0, 850.0, 900.0, 950.0, 999.0], "loss": [0.010053131729364395, 0.00950921606272459, 0.00909438543021679, 0.008711842820048332, 0.008311971090734005, 0.008008355274796486, 0.007698775269091129, 0.007405350916087627, 0.007119990885257721, 0.006872714962810278, 0.006576230749487877, 0.006326832342892885, 0.006081664003431797, 0.005847528111189604, 0.005585440434515476, 0.005364232696592808, 0.005135468672960997, 0.004936572164297104, 0.0047404277138412, 0.020987819880247116, 0.06492044776678085], "td_mse": [0.010053131729364395, 0.00950921606272459, 0.00909438543021679, 0.008711842820048332, 0.008311971090734005, 0.008008355274796486, 0.007698775269091129, 0.007405350916087627, 0.007119990885257721, 0.006872714962810278, 0.006576230749487877, 0.006326832342892885, 0.006081664003431797, 0.005847528111189604, 0.005585440434515476, 0.005364232696592808, 0.005135468672960997, 0.004936572164297104, 0.0047404277138412, 0.020987819880247116, 0.06492044776678085], "dtd_mse": [0.010053128004074097, 0.00950909499078989, 0.00909421592950821, 0.00871159415692091, 0.008311604149639606, 0.008008051663637161, 0.00769848981872201, 0.007405036129057407, 0.007119662594050169, 0.006872281897813082, 0.006576008629053831, 0.006326210685074329, 0.006081320811063051, 0.005847147665917873, 0.005585113540291786, 0.005363778676837683, 0.005134946666657925, 0.004935709293931723, 0.004740022588521242, 0.02098787948489189, 0.0649237111210823], "pinn_mse": [NaN, NaN, NaN, NaN, NaN, NaN, NaN, NaN, NaN, NaN, NaN, NaN, NaN, NaN, NaN, NaN, NaN, NaN, NaN, NaN, NaN], "terminal_mse": [NaN, NaN, NaN, NaN, NaN, NaN, NaN, NaN, NaN, NaN, NaN, NaN, NaN, NaN, NaN, NaN, NaN, NaN, NaN, NaN, NaN], "mae": [219.87008351795586, 210.07916741349015, 202.69168081738266, 195.88274567105088, 189.34058856465134, 182.98137646176133, 176.75843660809312, 170.6649645087889, 164.68099260784896, 159.03184321710697, 153.95957435229562, 149.40318583857737, 145.29596385965363, 141.5964404839555, 138.26508659909337, 135.2722981717242, 132.58148060096656, 130.1656940956978, 127.97353786055648, 117.4178711019114, 120.44711187817367], "rmse": [261.3170058925911, 253.0303126552671, 247.0035338872786, 241.46300597412784, 236.19351101422538, 231.13068586729483, 226.23827743735657, 221.5116016591158, 216.93574549213977, 212.50845412626543, 208.23106522814288, 204.10830225755916, 200.12996779425038, 196.29926381637702, 192.61855682366487, 189.09098910266573, 185.71039951377924, 182.48072784280708, 179.38899376570012, 175.30437968258516, 172.89723981598928], "mape": [0.9969988658040319, 0.9299497113228, 0.8777205466735235, 0.8301382250860746, 0.7845114603103107, 0.7401929510304746, 0.6968393959895235, 0.6543957015014001, 0.612719575627327, 0.5757530506626254, 0.5472046094492103, 0.5254335630451054, 0.5091308180129431, 0.49737132641668935, 0.48938135815187617, 0.4845824955531389, 0.48245380584605113, 0.4825382429565419, 0.48413492615786957, 0.36392856146184727, 0.44193698500266765], "v_w_mae": [405.86885768844064, 405.57040443558043, 405.73885791754356, 405.7718926347681, 405.7854244308912, 405.7925853268396, 405.79680292779574, 405.7995195567874, 405.80130118076806, 405.80246680779396, 405.8031831133236, 405.80352761309723, 405.80350884237805, 405.80305508981127, 405.80200788134624, 405.79989302686243, 405.79558056637813, 405.78402993888966, 405.70891212573656, 395.31134839881327, 400.9541244110579], "v_w_norm": [0.1441447138786316, 0.3489750623703003, 0.12795236706733704, 0.07549496740102768, 0.05196573957800865, 0.03915133699774742, 0.03149624541401863, 0.026578295975923538, 0.023357663303613663, 0.0212596096098423, 0.019979417324066162, 0.019373448565602303, 0.019423967227339745, 0.020266709849238396, 0.02221408486366272, 0.02619698829948902, 0.034529514610767365, 0.057814180850982666, 0.22397543489933014, 20.40971565246582, 43.20063781738281], "hjb_rmse": [25.289175706273817, 24.62190750755695, 24.14004768589505, 23.694551019245306, 23.269570239667686, 22.86006627497416, 22.463114134558968, 22.078304591281814, 21.704377969504772, 21.341094877601236, 20.988508823118035, 20.646957715550386, 20.315544505159224, 19.994482527049897, 19.683926114059513, 19.384110424637452, 19.094495279315705, 18.815453772584796, 18.54652736312633, 18.249016642581676, 17.99048267952823]}