{
  "mae": 283.74766261141633,
  "rmse": 318.55294471223255,
  "mape": 2.0582608024000835,
  "v_w_mae": 502.53619133331114,
  "v_w_norm": 0.03840073198080063,
  "v_w_norm_true": 772.0049382434704,
  "hjb_rmse": 25.737749116075655,
  "dtd_noise_floor": 1.1322527149249486e-08,
  "dtd_signal_part": 0.010431338648936339
}