{
  "run_id": "sig0.05_lr0.005_B256_beta_dtd_beta0.5_s2",
  "config": {
    "loss": "beta_dtd",
    "beta": 0.5,
    "sigma": 0.05,
    "lr": 0.005,
    "batch_size": 256,
    "seed": 2,
    "r": 0.02,
    "mu": 0.08,
    "gamma": 2.0,
    "rho": 0.08,
    "pi": 0.75,
    "kappa": 0.06125,
    "num_steps": 15000,
    "dt": 0.003968253968253968,
    "wealth_min": 0.3,
    "wealth_max": 3.0,
    "eval_points": 200,
    "log_every": 50,
    "out_dir": "results/hpo_sweep",
    "run_id": "sig0.05_lr0.005_B256_beta_dtd_beta0.5_s2"
  },
  "elapsed_sec": 131.06710600852966,
  "params": {
    "r": 0.02,
    "mu": 0.08,
    "sigma": 0.05,
    "gamma": 2.0,
    "rho": 0.08
  },
  "policy": {
    "pi": 0.75,
    "kappa": 0.06125
  },
  "train_cfg": {
    "seed": 2,
    "batch_size": 256,
    "num_steps": 15000,
    "learning_rate": 0.005,
    "dt": 0.003968253968253968,
    "wealth_min": 0.3,
    "wealth_max": 3.0,
    "eval_points": 200,
    "beta": 0.5,
    "device": "cpu",
    "log_every": 50,
    "num_replicas": 1
  },
  "mae": 13.993134736154094,
  "rmse": 18.988172740922117,
  "mape": 0.0686624275521179,
  "v_w_mae": 136.88898563313612,
  "v_w_norm": 566.9449462890625,
  "v_w_norm_true": 732.4525030772962,
  "hjb_rmse": 2.3613986580191324,
  "dtd_noise_floor": 0.4011204070759878
}