{
  "run_id": "sig0.2_lr0.005_B4096_beta_dtd_beta0.75_s2",
  "config": {
    "loss": "beta_dtd",
    "beta": 0.75,
    "sigma": 0.2,
    "lr": 0.005,
    "batch_size": 4096,
    "seed": 2,
    "r": 0.02,
    "mu": 0.08,
    "gamma": 2.0,
    "rho": 0.08,
    "pi": 0.75,
    "kappa": 0.06125,
    "num_steps": 15000,
    "dt": 0.003968253968253968,
    "wealth_min": 0.3,
    "wealth_max": 3.0,
    "eval_points": 200,
    "log_every": 50,
    "out_dir": "results/hpo_sweep",
    "run_id": "sig0.2_lr0.005_B4096_beta_dtd_beta0.75_s2"
  },
  "elapsed_sec": 233.7139971256256,
  "params": {
    "r": 0.02,
    "mu": 0.08,
    "sigma": 0.2,
    "gamma": 2.0,
    "rho": 0.08
  },
  "policy": {
    "pi": 0.75,
    "kappa": 0.06125
  },
  "train_cfg": {
    "seed": 2,
    "batch_size": 4096,
    "num_steps": 15000,
    "learning_rate": 0.005,
    "dt": 0.003968253968253968,
    "wealth_min": 0.3,
    "wealth_max": 3.0,
    "eval_points": 200,
    "beta": 0.75,
    "device": "cpu",
    "log_every": 50,
    "num_replicas": 1
  },
  "mae": 99.31159791570411,
  "rmse": 107.26005830517323,
  "mape": 0.5243649684670145,
  "v_w_mae": 248.92300982559104,
  "v_w_norm": 569.0638427734375,
  "v_w_norm_true": 984.7001763309571,
  "hjb_rmse": 10.355009491349648,
  "dtd_noise_floor": 6.098062518127842
}