{
  "params": {
    "r": 0.02,
    "mu": 0.08,
    "sigma": 0.1,
    "gamma": 2.0,
    "rho": 0.08
  },
  "policy": {
    "pi": 0.75,
    "kappa": 0.06125
  },
  "train_cfg": {
    "seed": 0,
    "batch_size": 256,
    "num_steps": 3000,
    "learning_rate": 0.002,
    "dt": 0.003968253968253968,
    "wealth_min": 0.3,
    "wealth_max": 3.0,
    "eval_points": 200,
    "beta": 0.75,
    "device": "cpu",
    "log_every": 20,
    "num_replicas": 1
  },
  "loss": "beta_dtd",
  "mae": 88.35359453560037,
  "rmse": 134.55758867206288,
  "mape": 0.3111942556241736,
  "v_w_mae": 438.5563474476178,
  "v_w_norm": 92.16008758544922,
  "v_w_norm_true": 772.0049382434704,
  "hjb_rmse": 10.240431537962701,
  "dtd_noise_floor": 0.18217588811849048
}