{
  "params": {
    "r": 0.02,
    "mu": 0.08,
    "sigma": 0.1,
    "gamma": 2.0,
    "rho": 0.08
  },
  "policy": {
    "pi": 0.75,
    "kappa": 0.06125
  },
  "train_cfg": {
    "seed": 0,
    "batch_size": 2048,
    "num_steps": 12000,
    "learning_rate": 0.002,
    "dt": 0.003968253968253968,
    "wealth_min": 0.3,
    "wealth_max": 3.0,
    "eval_points": 200,
    "beta": 0.5,
    "device": "cpu",
    "log_every": 100,
    "num_replicas": 1
  },
  "loss": "dtd",
  "mae": 271.2097322607923,
  "rmse": 322.7056606721069,
  "mape": 0.9909060939548959,
  "v_w_mae": 502.54955370683047,
  "v_w_norm": 0.012817572802305222,
  "v_w_norm_true": 772.0049382434704,
  "hjb_rmse": 25.208778608842845,
  "dtd_noise_floor": 5.540488788971904e-09
}