{
  "run_id": "sig0.2_lr0.002_B1024_beta_dtd_beta0.25_s2",
  "config": {
    "loss": "beta_dtd",
    "beta": 0.25,
    "sigma": 0.2,
    "lr": 0.002,
    "batch_size": 1024,
    "seed": 2,
    "r": 0.02,
    "mu": 0.08,
    "gamma": 2.0,
    "rho": 0.08,
    "pi": 0.75,
    "kappa": 0.06125,
    "num_steps": 15000,
    "dt": 0.003968253968253968,
    "wealth_min": 0.3,
    "wealth_max": 3.0,
    "eval_points": 200,
    "log_every": 50,
    "out_dir": "results/hpo_sweep",
    "run_id": "sig0.2_lr0.002_B1024_beta_dtd_beta0.25_s2"
  },
  "elapsed_sec": 295.22616600990295,
  "params": {
    "r": 0.02,
    "mu": 0.08,
    "sigma": 0.2,
    "gamma": 2.0,
    "rho": 0.08
  },
  "policy": {
    "pi": 0.75,
    "kappa": 0.06125
  },
  "train_cfg": {
    "seed": 2,
    "batch_size": 1024,
    "num_steps": 15000,
    "learning_rate": 0.002,
    "dt": 0.003968253968253968,
    "wealth_min": 0.3,
    "wealth_max": 3.0,
    "eval_points": 200,
    "beta": 0.25,
    "device": "cpu",
    "log_every": 50,
    "num_replicas": 1
  },
  "mae": 22.23261002876172,
  "rmse": 29.235010705923663,
  "mape": 0.08053149035106091,
  "v_w_mae": 178.64928185858543,
  "v_w_norm": 685.8223266601562,
  "v_w_norm_true": 984.7001763309571,
  "hjb_rmse": 8.264604342873046,
  "dtd_noise_floor": 9.652561765983641
}