{
  "run_id": "sig0.2_lr0.002_B256_beta_dtd_beta0.5_s0",
  "config": {
    "loss": "beta_dtd",
    "beta": 0.5,
    "sigma": 0.2,
    "lr": 0.002,
    "batch_size": 256,
    "seed": 0,
    "r": 0.02,
    "mu": 0.08,
    "gamma": 2.0,
    "rho": 0.08,
    "pi": 0.75,
    "kappa": 0.06125,
    "num_steps": 15000,
    "dt": 0.003968253968253968,
    "wealth_min": 0.3,
    "wealth_max": 3.0,
    "eval_points": 200,
    "log_every": 50,
    "out_dir": "results/hpo_sweep",
    "run_id": "sig0.2_lr0.002_B256_beta_dtd_beta0.5_s0"
  },
  "elapsed_sec": 107.13879823684692,
  "params": {
    "r": 0.02,
    "mu": 0.08,
    "sigma": 0.2,
    "gamma": 2.0,
    "rho": 0.08
  },
  "policy": {
    "pi": 0.75,
    "kappa": 0.06125
  },
  "train_cfg": {
    "seed": 0,
    "batch_size": 256,
    "num_steps": 15000,
    "learning_rate": 0.002,
    "dt": 0.003968253968253968,
    "wealth_min": 0.3,
    "wealth_max": 3.0,
    "eval_points": 200,
    "beta": 0.5,
    "device": "cpu",
    "log_every": 50,
    "num_replicas": 1
  },
  "mae": 41.724581709578096,
  "rmse": 60.30572910388413,
  "mape": 0.10156489657579257,
  "v_w_mae": 228.5680522397183,
  "v_w_norm": 678.7186279296875,
  "v_w_norm_true": 984.7001763309571,
  "hjb_rmse": 9.331649672693363,
  "dtd_noise_floor": 8.486211050870493
}