{
  "params": {
    "r": 0.02,
    "mu": 0.08,
    "sigma": 0.05,
    "gamma": 2.0,
    "rho": 0.08
  },
  "policy": {
    "pi": 0.75,
    "kappa": 0.06125
  },
  "train_cfg": {
    "seed": 0,
    "batch_size": 200,
    "num_steps": 12000,
    "learning_rate": 0.005,
    "dt": 0.003968253968253968,
    "wealth_min": 0.3,
    "wealth_max": 3.0,
    "eval_points": 200,
    "beta": 0.9,
    "device": "cpu",
    "log_every": 100,
    "num_replicas": 512
  },
  "loss": "beta_dtd_mean",
  "config": {
    "loss": "beta_dtd_mean",
    "beta": 0.9,
    "sigma": "0.05",
    "lr": 0.005,
    "batch_size": 200,
    "seed": 0,
    "num_replicas": 512
  },
  "mae": 32.29019963796741,
  "rmse": 39.07019163274211,
  "mape": 0.16529553070170258,
  "v_w_mae": 356.6439690378757,
  "v_w_norm": 636.51904296875,
  "v_w_norm_true": 732.4525030772962,
  "hjb_rmse": 4.873542828123685
}