{
  "run_id": "sig0.2_lr0.005_B1024_beta_dtd_beta0.75_s0",
  "config": {
    "loss": "beta_dtd",
    "beta": 0.75,
    "sigma": 0.2,
    "lr": 0.005,
    "batch_size": 1024,
    "seed": 0,
    "r": 0.02,
    "mu": 0.08,
    "gamma": 2.0,
    "rho": 0.08,
    "pi": 0.75,
    "kappa": 0.06125,
    "num_steps": 15000,
    "dt": 0.003968253968253968,
    "wealth_min": 0.3,
    "wealth_max": 3.0,
    "eval_points": 200,
    "log_every": 50,
    "out_dir": "results/hpo_sweep",
    "run_id": "sig0.2_lr0.005_B1024_beta_dtd_beta0.75_s0"
  },
  "elapsed_sec": 778.456032037735,
  "params": {
    "r": 0.02,
    "mu": 0.08,
    "sigma": 0.2,
    "gamma": 2.0,
    "rho": 0.08
  },
  "policy": {
    "pi": 0.75,
    "kappa": 0.06125
  },
  "train_cfg": {
    "seed": 0,
    "batch_size": 1024,
    "num_steps": 15000,
    "learning_rate": 0.005,
    "dt": 0.003968253968253968,
    "wealth_min": 0.3,
    "wealth_max": 3.0,
    "eval_points": 200,
    "beta": 0.75,
    "device": "cpu",
    "log_every": 50,
    "num_replicas": 1
  },
  "mae": 160.9355161807579,
  "rmse": 170.8936984046658,
  "mape": 0.8250407875349134,
  "v_w_mae": 191.27365973659198,
  "v_w_norm": 691.835693359375,
  "v_w_norm_true": 984.7001763309571,
  "hjb_rmse": 16.30964941708132,
  "dtd_noise_floor": 8.153151108758811
}