{"step": [0.0, 50.0, 100.0, 150.0, 200.0, 250.0, 300.0, 350.0, 400.0, 450.0, 500.0, 550.0, 600.0, 650.0, 700.0, 750.0, 800.0, 850.0, 900.0, 950.0, 999.0], "loss": [0.010048809461295605, 0.009606701321899891, 0.0092369569465518, 0.008903144858777523, 0.008509187027812004, 0.00829923152923584, 0.008040430955588818, 0.007813709788024426, 0.007579596247524023, 0.007419782690703869, 0.00713064381852746, 0.006939658895134926, 0.006718388758599758, 0.006501074880361557, 0.006211220286786556, 0.006009394768625498, 0.005773002747446299, 0.005601421929895878, 0.021288160234689713, 0.12092332541942596, 0.10909832268953323], "td_mse": [0.01004881039261818, 0.009606705978512764, 0.009236966259777546, 0.008903156965970993, 0.008509200997650623, 0.008299244567751884, 0.008040443994104862, 0.007813732139766216, 0.007579616270959377, 0.007419805973768234, 0.007130668498575687, 0.0069396826438605785, 0.006718426011502743, 0.006501093041151762, 0.006211241241544485, 0.006009433884173632, 0.005773025564849377, 0.005601448006927967, 0.021288268268108368, 0.12092236429452896, 0.10909918695688248], "dtd_mse": [0.010048809461295605, 0.009606613777577877, 0.009236779063940048, 0.008902925066649914, 0.00850891973823309, 0.008298986591398716, 0.008040179498493671, 0.007813286036252975, 0.007579215802252293, 0.007419344037771225, 0.007130176294595003, 0.006939206272363663, 0.006717683747410774, 0.006500730291008949, 0.006210818886756897, 0.006008650176227093, 0.005772566422820091, 0.005600927397608757, 0.021286118775606155, 0.12094148248434067, 0.10908193141222], "pinn_mse": [NaN, NaN, NaN, NaN, NaN, NaN, NaN, NaN, NaN, NaN, NaN, NaN, NaN, NaN, NaN, NaN, NaN, NaN, NaN, NaN, NaN], "terminal_mse": [NaN, NaN, NaN, NaN, NaN, NaN, NaN, NaN, NaN, NaN, NaN, NaN, NaN, NaN, NaN, NaN, NaN, NaN, NaN, NaN, NaN], "mae": [236.10430943478713, 226.31173508022795, 218.91776870583064, 212.0954901013232, 205.53619650696288, 199.15631357048522, 192.8963289437152, 186.7615822968341, 180.71967943047056, 174.7890622923326, 169.30964280921427, 164.36272065462992, 159.86873208284908, 155.7915746729696, 152.09888027892504, 148.75735649044614, 145.72476881183565, 142.96492896947518, 138.99192649075832, 135.77555572365293, 133.25753656242858], "rmse": [280.6002804182389, 272.30797021849156, 266.26669151309346, 260.70207666048157, 255.40093184368172, 250.29896696117137, 245.34954755499936, 240.5576601534746, 235.8986087058612, 231.37255262960915, 226.98468550155414, 222.746817210599, 218.63764366798338, 214.6660440584279, 210.8381225632531, 207.15892025570147, 203.61743287946067, 200.21957116447206, 196.67836430491948, 193.32386108628893, 190.14010120537452], "mape": [0.9972048352256349, 0.9347486735970932, 0.8860631011425986, 0.8416587622197782, 0.7990519930259106, 0.757640875374494, 0.7170226080656105, 0.6772242294052782, 0.6380328696751889, 0.5997613204488698, 0.5677653185413812, 0.5427199292259272, 0.5232453549720698, 0.5084273795851145, 0.4975394312460865, 0.48993850055795063, 0.4850751202434378, 0.48228288111569134, 0.46043781182761323, 0.44133675132026057, 0.4375475494964264], "v_w_mae": [435.7724855859963, 435.47333021676803, 435.6414676039703, 435.67478207646025, 435.6883948623052, 435.6956203616036, 435.6998071541628, 435.7025247266271, 435.70426515807986, 435.7053684542127, 435.70599786242207, 435.70622395622786, 435.70601797033925, 435.70519914551113, 435.7034514693553, 435.69951936788823, 435.68954409253456, 435.6262259267431, 432.5589361952644, 421.6135927038672, 421.5762573439422], "v_w_norm": [0.1441447138786316, 0.3495914936065674, 0.12892799079418182, 0.07613224536180496, 0.052551787346601486, 0.03971966356039047, 0.03215440735220909, 0.027288848534226418, 0.02417820878326893, 0.022226231172680855, 0.021136706694960594, 0.02078150399029255, 0.02121056243777275, 0.02276589535176754, 0.026082385331392288, 0.033663660287857056, 0.05366191267967224, 0.19239948689937592, 7.269503593444824, 29.547121047973633, 35.268856048583984], "hjb_rmse": [25.28876964292268, 24.620969846957163, 24.139119196209528, 23.69291114017526, 23.266908011241206, 22.856144745022736, 22.45690229078248, 22.06957971257751, 21.692157318970363, 21.324614442495598, 20.967337640856435, 20.621258544966906, 20.28460452139524, 19.958066922094055, 19.642121703130794, 19.337175119965632, 19.042338785892383, 18.758666480102697, 18.497282624328857, 18.16985425601495, 17.93383128589312]}