{
  "run_id": "sig0.2_lr0.0005_B1024_td_beta0_s2",
  "config": {
    "loss": "td",
    "beta": 0.0,
    "sigma": 0.2,
    "lr": 0.0005,
    "batch_size": 1024,
    "seed": 2,
    "r": 0.02,
    "mu": 0.08,
    "gamma": 2.0,
    "rho": 0.08,
    "pi": 0.75,
    "kappa": 0.06125,
    "num_steps": 15000,
    "dt": 0.003968253968253968,
    "wealth_min": 0.3,
    "wealth_max": 3.0,
    "eval_points": 200,
    "log_every": 50,
    "out_dir": "results/hpo_sweep",
    "run_id": "sig0.2_lr0.0005_B1024_td_beta0_s2"
  },
  "elapsed_sec": 230.545006275177,
  "params": {
    "r": 0.02,
    "mu": 0.08,
    "sigma": 0.2,
    "gamma": 2.0,
    "rho": 0.08
  },
  "policy": {
    "pi": 0.75,
    "kappa": 0.06125
  },
  "train_cfg": {
    "seed": 2,
    "batch_size": 1024,
    "num_steps": 15000,
    "learning_rate": 0.0005,
    "dt": 0.003968253968253968,
    "wealth_min": 0.3,
    "wealth_max": 3.0,
    "eval_points": 200,
    "beta": 0.0,
    "device": "cpu",
    "log_every": 50,
    "num_replicas": 1
  },
  "mae": 67.70678049587785,
  "rmse": 116.31739515945517,
  "mape": 0.12854912711492988,
  "v_w_mae": 413.60900449708987,
  "v_w_norm": 280.6128234863281,
  "v_w_norm_true": 984.7001763309571,
  "hjb_rmse": 3.247512044293657,
  "dtd_noise_floor": 3.3662568670853017
}