{
  "run_id": "sig0.2_lr0.002_B256_td_beta0_s1",
  "config": {
    "loss": "td",
    "beta": 0.0,
    "sigma": 0.2,
    "lr": 0.002,
    "batch_size": 256,
    "seed": 1,
    "r": 0.02,
    "mu": 0.08,
    "gamma": 2.0,
    "rho": 0.08,
    "pi": 0.75,
    "kappa": 0.06125,
    "num_steps": 15000,
    "dt": 0.003968253968253968,
    "wealth_min": 0.3,
    "wealth_max": 3.0,
    "eval_points": 200,
    "log_every": 50,
    "out_dir": "results/hpo_sweep",
    "run_id": "sig0.2_lr0.002_B256_td_beta0_s1"
  },
  "elapsed_sec": 81.90627980232239,
  "params": {
    "r": 0.02,
    "mu": 0.08,
    "sigma": 0.2,
    "gamma": 2.0,
    "rho": 0.08
  },
  "policy": {
    "pi": 0.75,
    "kappa": 0.06125
  },
  "train_cfg": {
    "seed": 1,
    "batch_size": 256,
    "num_steps": 15000,
    "learning_rate": 0.002,
    "dt": 0.003968253968253968,
    "wealth_min": 0.3,
    "wealth_max": 3.0,
    "eval_points": 200,
    "beta": 0.0,
    "device": "cpu",
    "log_every": 50,
    "num_replicas": 1
  },
  "mae": 26.630945357745976,
  "rmse": 31.144825517251657,
  "mape": 0.09581527827570457,
  "v_w_mae": 97.64285097174393,
  "v_w_norm": 1016.7042236328125,
  "v_w_norm_true": 984.7001763309571,
  "hjb_rmse": 12.520886957062617,
  "dtd_noise_floor": 17.221823695951638
}