{
  "run_id": "sig0.2_lr0.005_B256_beta_dtd_beta0.1_s2",
  "config": {
    "loss": "beta_dtd",
    "beta": 0.1,
    "sigma": 0.2,
    "lr": 0.005,
    "batch_size": 256,
    "seed": 2,
    "r": 0.02,
    "mu": 0.08,
    "gamma": 2.0,
    "rho": 0.08,
    "pi": 0.75,
    "kappa": 0.06125,
    "num_steps": 15000,
    "dt": 0.003968253968253968,
    "wealth_min": 0.3,
    "wealth_max": 3.0,
    "eval_points": 200,
    "log_every": 50,
    "out_dir": "results/hpo_sweep",
    "run_id": "sig0.2_lr0.005_B256_beta_dtd_beta0.1_s2"
  },
  "elapsed_sec": 98.17301368713379,
  "params": {
    "r": 0.02,
    "mu": 0.08,
    "sigma": 0.2,
    "gamma": 2.0,
    "rho": 0.08
  },
  "policy": {
    "pi": 0.75,
    "kappa": 0.06125
  },
  "train_cfg": {
    "seed": 2,
    "batch_size": 256,
    "num_steps": 15000,
    "learning_rate": 0.005,
    "dt": 0.003968253968253968,
    "wealth_min": 0.3,
    "wealth_max": 3.0,
    "eval_points": 200,
    "beta": 0.1,
    "device": "cpu",
    "log_every": 50,
    "num_replicas": 1
  },
  "mae": 59.649117476233116,
  "rmse": 69.35436863040985,
  "mape": 0.2795537853329559,
  "v_w_mae": 243.49289195189584,
  "v_w_norm": 646.7354736328125,
  "v_w_norm_true": 984.7001763309571,
  "hjb_rmse": 26.49075342283058,
  "dtd_noise_floor": 9.45094943452402
}