{
  "params": {
    "r": 0.02,
    "mu": 0.08,
    "sigma": 0.1,
    "gamma": 2.0,
    "rho": 0.08
  },
  "policy": {
    "pi": 0.75,
    "kappa": 0.06125
  },
  "train_cfg": {
    "seed": 0,
    "batch_size": 2048,
    "num_steps": 12000,
    "learning_rate": 0.002,
    "dt": 0.003968253968253968,
    "wealth_min": 0.3,
    "wealth_max": 3.0,
    "eval_points": 200,
    "beta": 0.5,
    "device": "cpu",
    "log_every": 100,
    "num_replicas": 8
  },
  "loss": "dtd_mean",
  "mae": 263.61581960448507,
  "rmse": 316.27454069964386,
  "mape": 0.9487175801754595,
  "v_w_mae": 502.3992308186012,
  "v_w_norm": 0.2997671961784363,
  "v_w_norm_true": 772.0049382434704,
  "hjb_rmse": 24.69341985335246,
  "dtd_noise_floor": 1.2049925572983205e-06
}