{"step": [0.0, 50.0, 100.0, 150.0, 200.0, 250.0, 300.0, 350.0, 400.0, 450.0, 500.0, 550.0, 600.0, 650.0, 700.0, 750.0, 800.0, 850.0, 900.0, 950.0, 999.0], "loss": [0.01004881039261818, 0.009606699459254742, 0.009236934594810009, 0.008903120644390583, 0.008509156294167042, 0.00829924363642931, 0.008040428161621094, 0.007813702337443829, 0.0075795589946210384, 0.007419832982122898, 0.007130655460059643, 0.0069395992904901505, 0.006718373391777277, 0.006501033436506987, 0.00621116952970624, 0.006009376607835293, 0.005772975739091635, 0.0056012519635260105, 0.01977366767823696, 0.07764953374862671, 0.10536430031061172], "td_mse": [0.01004881039261818, 0.009606710635125637, 0.009236953221261501, 0.008903142996132374, 0.008509183302521706, 0.008299272507429123, 0.008040456101298332, 0.00781374890357256, 0.007579597644507885, 0.007419887464493513, 0.0071307094767689705, 0.006939643062651157, 0.00671845069155097, 0.00650106742978096, 0.0062112086452543736, 0.006009458098560572, 0.005773021839559078, 0.005601305514574051, 0.019773859530687332, 0.07764823734760284, 0.1053658127784729], "dtd_mse": [0.010048809461295605, 0.009606603533029556, 0.009236776269972324, 0.00890292413532734, 0.008508918806910515, 0.008298984728753567, 0.008040178567171097, 0.007813284173607826, 0.007579214405268431, 0.007419342175126076, 0.007130174431949854, 0.006939203944057226, 0.0067176828160882, 0.006500727962702513, 0.0062108165584504604, 0.0060086483135819435, 0.005772562697529793, 0.005600770004093647, 0.019771941006183624, 0.07766123116016388, 0.10535071045160294], "pinn_mse": [NaN, NaN, NaN, NaN, NaN, NaN, NaN, NaN, NaN, NaN, NaN, NaN, NaN, NaN, NaN, NaN, NaN, NaN, NaN, NaN, NaN], "terminal_mse": [NaN, NaN, NaN, NaN, NaN, NaN, NaN, NaN, NaN, NaN, NaN, NaN, NaN, NaN, NaN, NaN, NaN, NaN, NaN, NaN, NaN], "mae": [236.10430945549976, 226.31169398163328, 218.91774062965877, 212.09546123360164, 205.53616404388916, 199.15627830360899, 192.8962893090106, 186.76153947685728, 180.71963687752256, 174.78901775574204, 169.3095990927836, 164.3626807910435, 159.8686980557495, 155.79154064587, 152.09884937987718, 148.75733055050475, 145.72475179828584, 142.9650539389576, 139.0509087676748, 132.84290510033142, 132.49679389809143], "rmse": [280.60028043820984, 272.3079600459712, 266.26667463058374, 260.70205503491025, 255.40090647362393, 250.29893928094384, 245.34951653303474, 240.5576270213544, 235.8985759778424, 231.37251825762368, 226.98464936561788, 222.74678187025347, 218.6376114683136, 214.66600967635443, 210.83808900662757, 207.15888877561633, 203.61740397948498, 200.21956982417393, 196.6881532964469, 193.08574391150492, 190.05602631906504], "mape": [0.9972048353334548, 0.9347481500346927, 0.8860628526913442, 0.8416585553224951, 0.7990517744957227, 0.7576406431070837, 0.7170223499011138, 0.6772239517531478, 0.6380325936848905, 0.5997610413447625, 0.5677650793681117, 0.5427197423037555, 0.5232452195878727, 0.508427270821991, 0.4975393578808459, 0.48993847695602083, 0.48507520927429504, 0.4822850170161675, 0.46130270745205054, 0.4030292241299716, 0.42878504856217176], "v_w_mae": [435.77248559539447, 435.4733964361078, 435.64148543540205, 435.6747871632916, 435.6883966572599, 435.6956211637686, 435.6998073664799, 435.7025248277491, 435.7042651750013, 435.70536846957236, 435.7059979108397, 435.70622407681833, 435.7060183138804, 435.7051999200753, 435.703453344668, 435.699524446785, 435.68956315112854, 435.6265844493775, 432.6411127235073, 421.22152914821015, 421.3102419370144], "v_w_norm": [0.1441447138786316, 0.3495081663131714, 0.12890510261058807, 0.07612491399049759, 0.05254869908094406, 0.039718057960271835, 0.032153695821762085, 0.027288371697068214, 0.024177882820367813, 0.02222592383623123, 0.02113635092973709, 0.020781027153134346, 0.021209711208939552, 0.022764187306165695, 0.0260785985738039, 0.03365347534418106, 0.05362249165773392, 0.19157731533050537, 6.900001525878906, 23.489051818847656, 33.451698303222656], "hjb_rmse": [25.288769644672612, 24.620969961051276, 24.139118079934086, 23.69290946892425, 23.266905987460465, 22.856142534005564, 22.456899791133, 22.069577024054322, 21.692154665383075, 21.324611625578065, 20.967334683249405, 20.621255648452642, 20.28460186983307, 19.958064095851878, 19.64211890472623, 19.33717246063296, 19.042336310714187, 18.75866209976918, 18.495898912409945, 18.16272433652341, 17.916098026618396]}