{"step": [0.0, 19.0], "loss": [0.24644048511981964, 0.3329606056213379], "td_mse": [0.24064581096172333, 0.23442503809928894], "dtd_mse": [0.24065004289150238, 0.234453946352005], "pinn_mse": [NaN, NaN], "terminal_mse": [0.005794251803308725, 0.09853267669677734], "mae": [10.36543995436411, 9.930494331976902], "rmse": [14.370340368016137, 13.907152687082268], "mape": [1403704854.2328026, 13387359447.239653], "v_w_mae": [NaN, NaN], "v_w_norm": [NaN, NaN], "hjb_rmse": [NaN, NaN]}