{
  "run_id": "sig0.05_lr0.005_B4096_beta_dtd_beta0.25_s1",
  "config": {
    "loss": "beta_dtd",
    "beta": 0.25,
    "sigma": 0.05,
    "lr": 0.005,
    "batch_size": 4096,
    "seed": 1,
    "r": 0.02,
    "mu": 0.08,
    "gamma": 2.0,
    "rho": 0.08,
    "pi": 0.75,
    "kappa": 0.06125,
    "num_steps": 15000,
    "dt": 0.003968253968253968,
    "wealth_min": 0.3,
    "wealth_max": 3.0,
    "eval_points": 200,
    "log_every": 50,
    "out_dir": "results/hpo_sweep",
    "run_id": "sig0.05_lr0.005_B4096_beta_dtd_beta0.25_s1"
  },
  "elapsed_sec": 1318.6911509037018,
  "params": {
    "r": 0.02,
    "mu": 0.08,
    "sigma": 0.05,
    "gamma": 2.0,
    "rho": 0.08
  },
  "policy": {
    "pi": 0.75,
    "kappa": 0.06125
  },
  "train_cfg": {
    "seed": 1,
    "batch_size": 4096,
    "num_steps": 15000,
    "learning_rate": 0.005,
    "dt": 0.003968253968253968,
    "wealth_min": 0.3,
    "wealth_max": 3.0,
    "eval_points": 200,
    "beta": 0.25,
    "device": "cpu",
    "log_every": 50,
    "num_replicas": 1
  },
  "mae": 9.78654731223153,
  "rmse": 11.987028028213379,
  "mape": 0.045778627498633394,
  "v_w_mae": 100.78218914912033,
  "v_w_norm": 685.0317993164062,
  "v_w_norm_true": 732.4525030772962,
  "hjb_rmse": 1.8972284707621647,
  "dtd_noise_floor": 0.4751204364929976
}