{
  "run_id": "sig0.05_lr0.005_B4096_beta_dtd_beta0.1_s1",
  "config": {
    "loss": "beta_dtd",
    "beta": 0.1,
    "sigma": 0.05,
    "lr": 0.005,
    "batch_size": 4096,
    "seed": 1,
    "r": 0.02,
    "mu": 0.08,
    "gamma": 2.0,
    "rho": 0.08,
    "pi": 0.75,
    "kappa": 0.06125,
    "num_steps": 15000,
    "dt": 0.003968253968253968,
    "wealth_min": 0.3,
    "wealth_max": 3.0,
    "eval_points": 200,
    "log_every": 50,
    "out_dir": "results/hpo_sweep",
    "run_id": "sig0.05_lr0.005_B4096_beta_dtd_beta0.1_s1"
  },
  "elapsed_sec": 1376.8628988265991,
  "params": {
    "r": 0.02,
    "mu": 0.08,
    "sigma": 0.05,
    "gamma": 2.0,
    "rho": 0.08
  },
  "policy": {
    "pi": 0.75,
    "kappa": 0.06125
  },
  "train_cfg": {
    "seed": 1,
    "batch_size": 4096,
    "num_steps": 15000,
    "learning_rate": 0.005,
    "dt": 0.003968253968253968,
    "wealth_min": 0.3,
    "wealth_max": 3.0,
    "eval_points": 200,
    "beta": 0.1,
    "device": "cpu",
    "log_every": 50,
    "num_replicas": 1
  },
  "mae": 8.661726097171004,
  "rmse": 11.242132568837222,
  "mape": 0.038565752731005355,
  "v_w_mae": 110.21112744662285,
  "v_w_norm": 707.0332641601562,
  "v_w_norm_true": 732.4525030772962,
  "hjb_rmse": 2.1297659486364404,
  "dtd_noise_floor": 0.49761401099834984
}