{
  "run_id": "sig0.05_lr0.005_B1024_beta_dtd_beta0.75_s1",
  "config": {
    "loss": "beta_dtd",
    "beta": 0.75,
    "sigma": 0.05,
    "lr": 0.005,
    "batch_size": 1024,
    "seed": 1,
    "r": 0.02,
    "mu": 0.08,
    "gamma": 2.0,
    "rho": 0.08,
    "pi": 0.75,
    "kappa": 0.06125,
    "num_steps": 15000,
    "dt": 0.003968253968253968,
    "wealth_min": 0.3,
    "wealth_max": 3.0,
    "eval_points": 200,
    "log_every": 50,
    "out_dir": "results/hpo_sweep",
    "run_id": "sig0.05_lr0.005_B1024_beta_dtd_beta0.75_s1"
  },
  "elapsed_sec": 316.91786789894104,
  "params": {
    "r": 0.02,
    "mu": 0.08,
    "sigma": 0.05,
    "gamma": 2.0,
    "rho": 0.08
  },
  "policy": {
    "pi": 0.75,
    "kappa": 0.06125
  },
  "train_cfg": {
    "seed": 1,
    "batch_size": 1024,
    "num_steps": 15000,
    "learning_rate": 0.005,
    "dt": 0.003968253968253968,
    "wealth_min": 0.3,
    "wealth_max": 3.0,
    "eval_points": 200,
    "beta": 0.75,
    "device": "cpu",
    "log_every": 50,
    "num_replicas": 1
  },
  "mae": 15.124041129589752,
  "rmse": 20.665392684994032,
  "mape": 0.0795621513434374,
  "v_w_mae": 171.93282051487964,
  "v_w_norm": 502.8530578613281,
  "v_w_norm_true": 732.4525030772962,
  "hjb_rmse": 2.0861055753172524,
  "dtd_noise_floor": 0.34499860918141273
}