{
  "run_id": "sig0.2_lr0.0005_B256_beta_dtd_beta0.25_s1",
  "config": {
    "loss": "beta_dtd",
    "beta": 0.25,
    "sigma": 0.2,
    "lr": 0.0005,
    "batch_size": 256,
    "seed": 1,
    "r": 0.02,
    "mu": 0.08,
    "gamma": 2.0,
    "rho": 0.08,
    "pi": 0.75,
    "kappa": 0.06125,
    "num_steps": 15000,
    "dt": 0.003968253968253968,
    "wealth_min": 0.3,
    "wealth_max": 3.0,
    "eval_points": 200,
    "log_every": 50,
    "out_dir": "results/hpo_sweep",
    "run_id": "sig0.2_lr0.0005_B256_beta_dtd_beta0.25_s1"
  },
  "elapsed_sec": 122.02462792396545,
  "params": {
    "r": 0.02,
    "mu": 0.08,
    "sigma": 0.2,
    "gamma": 2.0,
    "rho": 0.08
  },
  "policy": {
    "pi": 0.75,
    "kappa": 0.06125
  },
  "train_cfg": {
    "seed": 1,
    "batch_size": 256,
    "num_steps": 15000,
    "learning_rate": 0.0005,
    "dt": 0.003968253968253968,
    "wealth_min": 0.3,
    "wealth_max": 3.0,
    "eval_points": 200,
    "beta": 0.25,
    "device": "cpu",
    "log_every": 50,
    "num_replicas": 1
  },
  "mae": 67.92883574269734,
  "rmse": 115.30678142251129,
  "mape": 0.1554724008589923,
  "v_w_mae": 430.04356422545004,
  "v_w_norm": 255.727294921875,
  "v_w_norm_true": 984.7001763309571,
  "hjb_rmse": 3.501480608892211,
  "dtd_noise_floor": 2.8562123047225696
}