{
  "run_id": "sig0.2_lr0.002_B1024_beta_dtd_beta0.5_s2",
  "config": {
    "loss": "beta_dtd",
    "beta": 0.5,
    "sigma": 0.2,
    "lr": 0.002,
    "batch_size": 1024,
    "seed": 2,
    "r": 0.02,
    "mu": 0.08,
    "gamma": 2.0,
    "rho": 0.08,
    "pi": 0.75,
    "kappa": 0.06125,
    "num_steps": 15000,
    "dt": 0.003968253968253968,
    "wealth_min": 0.3,
    "wealth_max": 3.0,
    "eval_points": 200,
    "log_every": 50,
    "out_dir": "results/hpo_sweep",
    "run_id": "sig0.2_lr0.002_B1024_beta_dtd_beta0.5_s2"
  },
  "elapsed_sec": 294.67724418640137,
  "params": {
    "r": 0.02,
    "mu": 0.08,
    "sigma": 0.2,
    "gamma": 2.0,
    "rho": 0.08
  },
  "policy": {
    "pi": 0.75,
    "kappa": 0.06125
  },
  "train_cfg": {
    "seed": 2,
    "batch_size": 1024,
    "num_steps": 15000,
    "learning_rate": 0.002,
    "dt": 0.003968253968253968,
    "wealth_min": 0.3,
    "wealth_max": 3.0,
    "eval_points": 200,
    "beta": 0.5,
    "device": "cpu",
    "log_every": 50,
    "num_replicas": 1
  },
  "mae": 50.83065119641199,
  "rmse": 55.31822564042872,
  "mape": 0.23517188172926917,
  "v_w_mae": 202.25029688063904,
  "v_w_norm": 627.3587646484375,
  "v_w_norm_true": 984.7001763309571,
  "hjb_rmse": 7.054087272176085,
  "dtd_noise_floor": 7.724154932186978
}