{
  "td": {
    "final_mae": 3.009877993743371,
    "final_v_w_norm": 546.6572265625
  },
  "dtd": {
    "final_mae": 532.2938967626354,
    "final_v_w_norm": 3823.2314453125
  },
  "beta_dtd": {
    "final_mae": 2.438531111353254,
    "final_v_w_norm": 551.3118896484375
  },
  "meta": {
    "params": {
      "r": 0.02,
      "mu": 0.08,
      "sigma": 0.0,
      "gamma": 2.0,
      "rho": 0.08
    },
    "policy": {
      "pi": 0.75,
      "kappa": 0.06125
    },
    "train_cfg": {
      "seed": 0,
      "batch_size": 2048,
      "num_steps": 12000,
      "learning_rate": 0.002,
      "dt": 0.003968253968253968,
      "wealth_min": 0.3,
      "wealth_max": 3.0,
      "eval_points": 200,
      "beta": 0.5,
      "device": "cpu",
      "log_every": 100,
      "num_replicas": 1
    },
    "beta": 0.5
  }
}