{
  "run_id": "sig0.2_lr0.005_B1024_beta_dtd_beta0.25_s0",
  "config": {
    "loss": "beta_dtd",
    "beta": 0.25,
    "sigma": 0.2,
    "lr": 0.005,
    "batch_size": 1024,
    "seed": 0,
    "r": 0.02,
    "mu": 0.08,
    "gamma": 2.0,
    "rho": 0.08,
    "pi": 0.75,
    "kappa": 0.06125,
    "num_steps": 15000,
    "dt": 0.003968253968253968,
    "wealth_min": 0.3,
    "wealth_max": 3.0,
    "eval_points": 200,
    "log_every": 50,
    "out_dir": "results/hpo_sweep",
    "run_id": "sig0.2_lr0.005_B1024_beta_dtd_beta0.25_s0"
  },
  "elapsed_sec": 795.5804250240326,
  "params": {
    "r": 0.02,
    "mu": 0.08,
    "sigma": 0.2,
    "gamma": 2.0,
    "rho": 0.08
  },
  "policy": {
    "pi": 0.75,
    "kappa": 0.06125
  },
  "train_cfg": {
    "seed": 0,
    "batch_size": 1024,
    "num_steps": 15000,
    "learning_rate": 0.005,
    "dt": 0.003968253968253968,
    "wealth_min": 0.3,
    "wealth_max": 3.0,
    "eval_points": 200,
    "beta": 0.25,
    "device": "cpu",
    "log_every": 50,
    "num_replicas": 1
  },
  "mae": 49.452976736788166,
  "rmse": 52.34655934619731,
  "mape": 0.24550128930827683,
  "v_w_mae": 168.92159243505432,
  "v_w_norm": 1058.7216796875,
  "v_w_norm_true": 984.7001763309571,
  "hjb_rmse": 25.18839419593441,
  "dtd_noise_floor": 16.290521180824285
}