{
  "run_id": "sig0.05_lr0.005_B256_beta_dtd_beta0.75_s1",
  "config": {
    "loss": "beta_dtd",
    "beta": 0.75,
    "sigma": 0.05,
    "lr": 0.005,
    "batch_size": 256,
    "seed": 1,
    "r": 0.02,
    "mu": 0.08,
    "gamma": 2.0,
    "rho": 0.08,
    "pi": 0.75,
    "kappa": 0.06125,
    "num_steps": 15000,
    "dt": 0.003968253968253968,
    "wealth_min": 0.3,
    "wealth_max": 3.0,
    "eval_points": 200,
    "log_every": 50,
    "out_dir": "results/hpo_sweep",
    "run_id": "sig0.05_lr0.005_B256_beta_dtd_beta0.75_s1"
  },
  "elapsed_sec": 114.4814977645874,
  "params": {
    "r": 0.02,
    "mu": 0.08,
    "sigma": 0.05,
    "gamma": 2.0,
    "rho": 0.08
  },
  "policy": {
    "pi": 0.75,
    "kappa": 0.06125
  },
  "train_cfg": {
    "seed": 1,
    "batch_size": 256,
    "num_steps": 15000,
    "learning_rate": 0.005,
    "dt": 0.003968253968253968,
    "wealth_min": 0.3,
    "wealth_max": 3.0,
    "eval_points": 200,
    "beta": 0.75,
    "device": "cpu",
    "log_every": 50,
    "num_replicas": 1
  },
  "mae": 29.06226920071359,
  "rmse": 45.602381297524026,
  "mape": 0.11128154867395156,
  "v_w_mae": 282.4693260271518,
  "v_w_norm": 301.216796875,
  "v_w_norm_true": 732.4525030772962,
  "hjb_rmse": 4.166346246183305,
  "dtd_noise_floor": 0.21896672313841406
}