{
  "run_id": "sig0.05_lr0.005_B1024_td_beta0_s0",
  "config": {
    "loss": "td",
    "beta": 0.0,
    "sigma": 0.05,
    "lr": 0.005,
    "batch_size": 1024,
    "seed": 0,
    "r": 0.02,
    "mu": 0.08,
    "gamma": 2.0,
    "rho": 0.08,
    "pi": 0.75,
    "kappa": 0.06125,
    "num_steps": 15000,
    "dt": 0.003968253968253968,
    "wealth_min": 0.3,
    "wealth_max": 3.0,
    "eval_points": 200,
    "log_every": 50,
    "out_dir": "results/hpo_sweep",
    "run_id": "sig0.05_lr0.005_B1024_td_beta0_s0"
  },
  "elapsed_sec": 242.6735851764679,
  "params": {
    "r": 0.02,
    "mu": 0.08,
    "sigma": 0.05,
    "gamma": 2.0,
    "rho": 0.08
  },
  "policy": {
    "pi": 0.75,
    "kappa": 0.06125
  },
  "train_cfg": {
    "seed": 0,
    "batch_size": 1024,
    "num_steps": 15000,
    "learning_rate": 0.005,
    "dt": 0.003968253968253968,
    "wealth_min": 0.3,
    "wealth_max": 3.0,
    "eval_points": 200,
    "beta": 0.0,
    "device": "cpu",
    "log_every": 50,
    "num_replicas": 1
  },
  "mae": 11.056087121243422,
  "rmse": 12.731523904000225,
  "mape": 0.06190692051277745,
  "v_w_mae": 167.5515046572596,
  "v_w_norm": 634.0112915039062,
  "v_w_norm_true": 732.4525030772962,
  "hjb_rmse": 3.166161167067791,
  "dtd_noise_floor": 0.49596642514056893
}