{
  "run_id": "sig0.05_lr0.005_B256_beta_dtd_beta0.75_s0",
  "config": {
    "loss": "beta_dtd",
    "beta": 0.75,
    "sigma": 0.05,
    "lr": 0.005,
    "batch_size": 256,
    "seed": 0,
    "r": 0.02,
    "mu": 0.08,
    "gamma": 2.0,
    "rho": 0.08,
    "pi": 0.75,
    "kappa": 0.06125,
    "num_steps": 15000,
    "dt": 0.003968253968253968,
    "wealth_min": 0.3,
    "wealth_max": 3.0,
    "eval_points": 200,
    "log_every": 50,
    "out_dir": "results/hpo_sweep",
    "run_id": "sig0.05_lr0.005_B256_beta_dtd_beta0.75_s0"
  },
  "elapsed_sec": 115.25194072723389,
  "params": {
    "r": 0.02,
    "mu": 0.08,
    "sigma": 0.05,
    "gamma": 2.0,
    "rho": 0.08
  },
  "policy": {
    "pi": 0.75,
    "kappa": 0.06125
  },
  "train_cfg": {
    "seed": 0,
    "batch_size": 256,
    "num_steps": 15000,
    "learning_rate": 0.005,
    "dt": 0.003968253968253968,
    "wealth_min": 0.3,
    "wealth_max": 3.0,
    "eval_points": 200,
    "beta": 0.75,
    "device": "cpu",
    "log_every": 50,
    "num_replicas": 1
  },
  "mae": 21.052635264475235,
  "rmse": 26.039723707099707,
  "mape": 0.09453029831317931,
  "v_w_mae": 216.78305594718353,
  "v_w_norm": 495.2479553222656,
  "v_w_norm_true": 732.4525030772962,
  "hjb_rmse": 3.045604632567444,
  "dtd_noise_floor": 0.41769728163690023
}