{
  "run_id": "sig0.05_lr0.002_B4096_beta_dtd_beta0.5_s2",
  "config": {
    "loss": "beta_dtd",
    "beta": 0.5,
    "sigma": 0.05,
    "lr": 0.002,
    "batch_size": 4096,
    "seed": 2,
    "r": 0.02,
    "mu": 0.08,
    "gamma": 2.0,
    "rho": 0.08,
    "pi": 0.75,
    "kappa": 0.06125,
    "num_steps": 15000,
    "dt": 0.003968253968253968,
    "wealth_min": 0.3,
    "wealth_max": 3.0,
    "eval_points": 200,
    "log_every": 50,
    "out_dir": "results/hpo_sweep",
    "run_id": "sig0.05_lr0.002_B4096_beta_dtd_beta0.5_s2"
  },
  "elapsed_sec": 885.1441621780396,
  "params": {
    "r": 0.02,
    "mu": 0.08,
    "sigma": 0.05,
    "gamma": 2.0,
    "rho": 0.08
  },
  "policy": {
    "pi": 0.75,
    "kappa": 0.06125
  },
  "train_cfg": {
    "seed": 2,
    "batch_size": 4096,
    "num_steps": 15000,
    "learning_rate": 0.002,
    "dt": 0.003968253968253968,
    "wealth_min": 0.3,
    "wealth_max": 3.0,
    "eval_points": 200,
    "beta": 0.5,
    "device": "cpu",
    "log_every": 50,
    "num_replicas": 1
  },
  "mae": 10.761679992989132,
  "rmse": 19.14053957862591,
  "mape": 0.03237276780144406,
  "v_w_mae": 108.98416003589551,
  "v_w_norm": 527.712890625,
  "v_w_norm_true": 732.4525030772962,
  "hjb_rmse": 1.7887169785880948,
  "dtd_noise_floor": 0.3555770902945856
}