{
  "params": {
    "r": 0.02,
    "mu": 0.08,
    "sigma": 0.05,
    "gamma": 2.0,
    "rho": 0.08
  },
  "policy": {
    "pi": 0.75,
    "kappa": 0.06125
  },
  "train_cfg": {
    "seed": 0,
    "batch_size": 256,
    "num_steps": 15000,
    "learning_rate": 0.005,
    "dt": 0.003968253968253968,
    "wealth_min": 0.3,
    "wealth_max": 3.0,
    "eval_points": 200,
    "beta": 0.75,
    "device": "cpu",
    "log_every": 100,
    "num_replicas": 32
  },
  "loss": "beta_dtd_mean",
  "config": {
    "loss": "beta_dtd_mean",
    "beta": 0.75,
    "sigma": 0.05,
    "lr": 0.005,
    "batch_size": 256,
    "seed": 0,
    "num_replicas": 32
  },
  "mae": 15.602183117505303,
  "rmse": 26.751894678675274,
  "mape": 0.052657207121465245,
  "v_w_mae": 434.06627335663813,
  "v_w_norm": 932.472900390625,
  "v_w_norm_true": 732.4525030772962,
  "hjb_rmse": 8.785304918473429
}