{
  "params": {
    "r": 0.02,
    "mu": 0.08,
    "sigma": 0.05,
    "gamma": 2.0,
    "rho": 0.08
  },
  "policy": {
    "pi": 0.75,
    "kappa": 0.06125
  },
  "train_cfg": {
    "seed": 0,
    "batch_size": 200,
    "num_steps": 12000,
    "learning_rate": 0.005,
    "dt": 0.003968253968253968,
    "wealth_min": 0.3,
    "wealth_max": 3.0,
    "eval_points": 200,
    "beta": 0.5,
    "device": "cpu",
    "log_every": 100,
    "num_replicas": 512
  },
  "loss": "td_mean",
  "config": {
    "loss": "td_mean",
    "beta": 0.5,
    "sigma": "0.05",
    "lr": 0.005,
    "batch_size": 200,
    "seed": 0,
    "num_replicas": 512
  },
  "mae": 4.11901165568742,
  "rmse": 5.86687518480065,
  "mape": 0.017596536583405077,
  "v_w_mae": 49.7957398170145,
  "v_w_norm": 677.5142822265625,
  "v_w_norm_true": 732.4525030772962,
  "hjb_rmse": 0.9612405691376632
}