{
  "params": {
    "r": 0.02,
    "mu": 0.08,
    "sigma": 0.1,
    "gamma": 2.0,
    "rho": 0.08
  },
  "policy": {
    "pi": 0.75,
    "kappa": 0.06125
  },
  "train_cfg": {
    "seed": 0,
    "batch_size": 256,
    "num_steps": 3000,
    "learning_rate": 0.002,
    "dt": 0.003968253968253968,
    "wealth_min": 0.3,
    "wealth_max": 3.0,
    "eval_points": 200,
    "beta": 0.5,
    "device": "cpu",
    "log_every": 20,
    "num_replicas": 1
  },
  "loss": "dtd",
  "mae": 272.6740754681218,
  "rmse": 323.94029405383543,
  "mape": 0.9991174590345545,
  "v_w_mae": 502.5576187397115,
  "v_w_norm": 0.004521187394857407,
  "v_w_norm_true": 772.0049382434704,
  "hjb_rmse": 25.307568732666613,
  "dtd_noise_floor": 1.1526297268196004e-09
}