{
  "run_id": "sig0.05_lr0.002_B1024_td_beta0_s1",
  "config": {
    "loss": "td",
    "beta": 0.0,
    "sigma": 0.05,
    "lr": 0.002,
    "batch_size": 1024,
    "seed": 1,
    "r": 0.02,
    "mu": 0.08,
    "gamma": 2.0,
    "rho": 0.08,
    "pi": 0.75,
    "kappa": 0.06125,
    "num_steps": 15000,
    "dt": 0.003968253968253968,
    "wealth_min": 0.3,
    "wealth_max": 3.0,
    "eval_points": 200,
    "log_every": 50,
    "out_dir": "results/hpo_sweep",
    "run_id": "sig0.05_lr0.002_B1024_td_beta0_s1"
  },
  "elapsed_sec": 79.19270777702332,
  "params": {
    "r": 0.02,
    "mu": 0.08,
    "sigma": 0.05,
    "gamma": 2.0,
    "rho": 0.08
  },
  "policy": {
    "pi": 0.75,
    "kappa": 0.06125
  },
  "train_cfg": {
    "seed": 1,
    "batch_size": 1024,
    "num_steps": 15000,
    "learning_rate": 0.002,
    "dt": 0.003968253968253968,
    "wealth_min": 0.3,
    "wealth_max": 3.0,
    "eval_points": 200,
    "beta": 0.0,
    "device": "cpu",
    "log_every": 50,
    "num_replicas": 1
  },
  "mae": 11.172332822339927,
  "rmse": 17.7683171386603,
  "mape": 0.034658496537608545,
  "v_w_mae": 231.41388801623543,
  "v_w_norm": 569.7957763671875,
  "v_w_norm_true": 732.4525030772962,
  "hjb_rmse": 2.2221415834349134,
  "dtd_noise_floor": 0.46636448913390827
}