{
  "run_id": "sig0.2_lr0.002_B256_beta_dtd_beta0.25_s0",
  "config": {
    "loss": "beta_dtd",
    "beta": 0.25,
    "sigma": 0.2,
    "lr": 0.002,
    "batch_size": 256,
    "seed": 0,
    "r": 0.02,
    "mu": 0.08,
    "gamma": 2.0,
    "rho": 0.08,
    "pi": 0.75,
    "kappa": 0.06125,
    "num_steps": 15000,
    "dt": 0.003968253968253968,
    "wealth_min": 0.3,
    "wealth_max": 3.0,
    "eval_points": 200,
    "log_every": 50,
    "out_dir": "results/hpo_sweep",
    "run_id": "sig0.2_lr0.002_B256_beta_dtd_beta0.25_s0"
  },
  "elapsed_sec": 109.18815898895264,
  "params": {
    "r": 0.02,
    "mu": 0.08,
    "sigma": 0.2,
    "gamma": 2.0,
    "rho": 0.08
  },
  "policy": {
    "pi": 0.75,
    "kappa": 0.06125
  },
  "train_cfg": {
    "seed": 0,
    "batch_size": 256,
    "num_steps": 15000,
    "learning_rate": 0.002,
    "dt": 0.003968253968253968,
    "wealth_min": 0.3,
    "wealth_max": 3.0,
    "eval_points": 200,
    "beta": 0.25,
    "device": "cpu",
    "log_every": 50,
    "num_replicas": 1
  },
  "mae": 44.32215335654897,
  "rmse": 58.38321681078319,
  "mape": 0.1542020117596538,
  "v_w_mae": 179.53522743828347,
  "v_w_norm": 814.7459716796875,
  "v_w_norm_true": 984.7001763309571,
  "hjb_rmse": 10.83306587385744,
  "dtd_noise_floor": 11.299630867514933
}