{
  "run_id": "sig0.05_lr0.0005_B4096_beta_dtd_beta0.75_s1",
  "config": {
    "loss": "beta_dtd",
    "beta": 0.75,
    "sigma": 0.05,
    "lr": 0.0005,
    "batch_size": 4096,
    "seed": 1,
    "r": 0.02,
    "mu": 0.08,
    "gamma": 2.0,
    "rho": 0.08,
    "pi": 0.75,
    "kappa": 0.06125,
    "num_steps": 15000,
    "dt": 0.003968253968253968,
    "wealth_min": 0.3,
    "wealth_max": 3.0,
    "eval_points": 200,
    "log_every": 50,
    "out_dir": "results/hpo_sweep",
    "run_id": "sig0.05_lr0.0005_B4096_beta_dtd_beta0.75_s1"
  },
  "elapsed_sec": 515.9438931941986,
  "params": {
    "r": 0.02,
    "mu": 0.08,
    "sigma": 0.05,
    "gamma": 2.0,
    "rho": 0.08
  },
  "policy": {
    "pi": 0.75,
    "kappa": 0.06125
  },
  "train_cfg": {
    "seed": 1,
    "batch_size": 4096,
    "num_steps": 15000,
    "learning_rate": 0.0005,
    "dt": 0.003968253968253968,
    "wealth_min": 0.3,
    "wealth_max": 3.0,
    "eval_points": 200,
    "beta": 0.75,
    "device": "cpu",
    "log_every": 50,
    "num_replicas": 1
  },
  "mae": 36.15279883456206,
  "rmse": 68.00881620262406,
  "mape": 0.1125090089501866,
  "v_w_mae": 309.21222323174084,
  "v_w_norm": 221.38507080078125,
  "v_w_norm_true": 732.4525030772962,
  "hjb_rmse": 5.8837036800983356,
  "dtd_noise_floor": 0.14342091714817498
}