{
  "run_id": "sig0.05_lr0.002_B4096_td_beta0_s0",
  "config": {
    "loss": "td",
    "beta": 0.0,
    "sigma": 0.05,
    "lr": 0.002,
    "batch_size": 4096,
    "seed": 0,
    "r": 0.02,
    "mu": 0.08,
    "gamma": 2.0,
    "rho": 0.08,
    "pi": 0.75,
    "kappa": 0.06125,
    "num_steps": 15000,
    "dt": 0.003968253968253968,
    "wealth_min": 0.3,
    "wealth_max": 3.0,
    "eval_points": 200,
    "log_every": 50,
    "out_dir": "results/hpo_sweep",
    "run_id": "sig0.05_lr0.002_B4096_td_beta0_s0"
  },
  "elapsed_sec": 303.5179798603058,
  "params": {
    "r": 0.02,
    "mu": 0.08,
    "sigma": 0.05,
    "gamma": 2.0,
    "rho": 0.08
  },
  "policy": {
    "pi": 0.75,
    "kappa": 0.06125
  },
  "train_cfg": {
    "seed": 0,
    "batch_size": 4096,
    "num_steps": 15000,
    "learning_rate": 0.002,
    "dt": 0.003968253968253968,
    "wealth_min": 0.3,
    "wealth_max": 3.0,
    "eval_points": 200,
    "beta": 0.0,
    "device": "cpu",
    "log_every": 50,
    "num_replicas": 1
  },
  "mae": 10.373851426532223,
  "rmse": 12.28153582254457,
  "mape": 0.046250897651468434,
  "v_w_mae": 77.52429280674025,
  "v_w_norm": 678.6740112304688,
  "v_w_norm_true": 732.4525030772962,
  "hjb_rmse": 1.3562479156734142,
  "dtd_noise_floor": 0.4845522533200372
}