{"step": [0.0, 100.0, 200.0, 300.0, 400.0, 500.0, 600.0, 700.0, 800.0, 900.0, 1000.0, 1100.0, 1200.0, 1300.0, 1400.0, 1500.0, 1600.0, 1700.0, 1800.0, 1900.0, 2000.0, 2100.0, 2200.0, 2300.0, 2400.0, 2500.0, 2600.0, 2700.0, 2800.0, 2900.0, 3000.0, 3100.0, 3200.0, 3300.0, 3400.0, 3500.0, 3600.0, 3700.0, 3800.0, 3900.0, 4000.0, 4100.0, 4200.0, 4300.0, 4400.0, 4500.0, 4600.0, 4700.0, 4800.0, 4900.0, 5000.0, 5100.0, 5200.0, 5300.0, 5400.0, 5500.0, 5600.0, 5700.0, 5800.0, 5900.0, 6000.0, 6100.0, 6200.0, 6300.0, 6400.0, 6500.0, 6600.0, 6700.0, 6800.0, 6900.0, 7000.0, 7100.0, 7200.0, 7300.0, 7400.0, 7500.0, 7600.0, 7700.0, 7800.0, 7900.0, 8000.0, 8100.0, 8200.0, 8300.0, 8400.0, 8500.0, 8600.0, 8700.0, 8800.0, 8900.0, 9000.0, 9100.0, 9200.0, 9300.0, 9400.0, 9500.0, 9600.0, 9700.0, 9800.0, 9900.0, 9999.0], "loss": [0.2465187907218933, 0.19518573582172394, 0.1513047069311142, 0.09185698628425598, 0.07485166192054749, 0.06017589569091797, 0.059912070631980896, 0.05383579432964325, 0.04729118198156357, 0.052291449159383774, 0.02971620298922062, 0.035826344043016434, 0.0282561257481575, 0.026744024828076363, 0.02876514568924904, 0.023550448939204216, 0.027254456654191017, 0.030173948034644127, 0.027037091553211212, 0.031008033081889153, 0.03047635406255722, 0.03358861804008484, 0.05496584251523018, 0.04598143324255943, 0.051530979573726654, 0.07187555730342865, 0.013750135898590088, 0.009843172505497932, 0.006804827135056257, 0.00783938355743885, 0.005424704868346453, 0.0054439976811409, 0.005604369565844536, 0.005201262887567282, 0.004638138227164745, 0.004850744269788265, 0.007011769339442253, 0.006770317908376455, 0.0030616368167102337, 0.00487283943220973, 0.006030662450939417, 0.005088717211037874, 0.0060410285368561745, 0.005679804366081953, 0.00540215615183115, 0.005120610352605581, 0.006428407039493322, 0.004396178759634495, 0.009540041908621788, 0.012308149598538876, 0.022276021540164948, 0.029232842847704887, 0.004280298016965389, 0.0025763267185539007, 0.002207778859883547, 0.002457011491060257, 0.002384214662015438, 0.0014719499740749598, 0.0020423613023012877, 0.0017353409202769399, 0.0012202250072732568, 0.0013720457209274173, 0.002378616016358137, 0.0015567037044093013, 0.001030889805406332, 0.0017418070929124951, 0.001580874901264906, 0.002528166864067316, 0.0017476343782618642, 0.002436323557049036, 0.001592836924828589, 0.0028211637400090694, 0.002756469650194049, 0.0019717977847903967, 0.0021607992239296436, 0.003964941017329693, 0.009802835062146187, 0.0025393273681402206, 0.002483789110556245, 0.0014757951721549034, 0.0013605586718767881, 0.0003740477259270847, 0.0008205681806430221, 0.00040507776429876685, 0.0008097253739833832, 0.0009126616641879082, 0.0006752698682248592, 0.0009182717185467482, 0.0007889309199526906, 0.0008029523305594921, 0.0008422430837526917, 0.0007049933774396777, 0.001106159994378686, 0.0007457064348272979, 0.0006440229481086135, 0.0013749974314123392, 0.0013948342530056834, 0.0016984532121568918, 0.0014660026645287871, 0.0010808900697156787, 0.001968457130715251], "td_mse": [0.24064581096172333, 0.19517217576503754, 0.15103571116924286, 0.0913609117269516, 0.07382793724536896, 0.0596909262239933, 0.05952964350581169, 0.0535038523375988, 0.04679147154092789, 0.051904287189245224, 0.0293097123503685, 0.03477977588772774, 0.02813689596951008, 0.027250289916992188, 0.027503563091158867, 0.023275773972272873, 0.02660262957215309, 0.03018037974834442, 0.027446867898106575, 0.03146239370107651, 0.03056817315518856, 0.034066226333379745, 0.055505529046058655, 0.04680256173014641, 0.05215219035744667, 0.07342851161956787, 0.27387645840644836, 0.010053306818008423, 0.006942052394151688, 0.007865525782108307, 0.005600158590823412, 0.005815131589770317, 0.005858126096427441, 0.005478927865624428, 0.005193876568228006, 0.0055570765398442745, 0.007211918942630291, 0.007510732859373093, 0.004558616317808628, 0.006585908122360706, 0.007303455378860235, 0.007015738636255264, 0.009424744173884392, 0.009177844040095806, 0.010123107582330704, 0.008514320477843285, 0.011646759696304798, 0.009534480981528759, 0.014649287797510624, 0.01623925194144249, 0.027260279282927513, 0.035072244703769684, 0.004462788347154856, 0.0026706450153142214, 0.0023610680364072323, 0.0026444229297339916, 0.0027148453518748283, 0.0019095835741609335, 0.0023711121175438166, 0.0023079051170498133, 0.0021645785309374332, 0.002550682285800576, 0.0033503221347928047, 0.0037766448222100735, 0.0030313930474221706, 0.004663914907723665, 0.003802492981776595, 0.006819257978349924, 0.006543303839862347, 0.008393685333430767, 0.006885671056807041, 0.007241745945066214, 0.010419816710054874, 0.008059250190854073, 0.00895049050450325, 0.011815394274890423, 0.0157169159501791, 0.2438628375530243, 0.0018358801025897264, 0.0016114041209220886, 0.0014909689780324697, 0.0005983394803479314, 0.0011619890574365854, 0.0009107161895371974, 0.001737420097924769, 0.002094415482133627, 0.0020811387803405523, 0.002469366416335106, 0.002427963772788644, 0.0025215111672878265, 0.003545339684933424, 0.0033187957014888525, 0.004645401146262884, 0.005195994395762682, 0.004343134816735983, 0.007653058972209692, 0.007706981152296066, 0.0075481003150343895, 0.010453923605382442, 0.010910945944488049, 0.011784127913415432], "dtd_mse": [0.24065004289150238, 0.19513964653015137, 0.15094169974327087, 0.09140709042549133, 0.07400480657815933, 0.059874195605516434, 0.05977323651313782, 0.0537911131978035, 0.0470842681825161, 0.05229324474930763, 0.029545415192842484, 0.03514185920357704, 0.02852245606482029, 0.02769477665424347, 0.028081702068448067, 0.02385440096259117, 0.02747880108654499, 0.03126039355993271, 0.028546860441565514, 0.03291030600667, 0.03203707933425903, 0.0359044224023819, 0.058021754026412964, 0.048912838101387024, 0.05478338897228241, 0.07627097517251968, 0.013671712949872017, 0.009787349961698055, 0.00678772758692503, 0.007732836529612541, 0.00557374395430088, 0.005890581291168928, 0.005950347054749727, 0.005603192374110222, 0.005368455778807402, 0.005767082795500755, 0.007455981336534023, 0.007741885259747505, 0.0047803232446312904, 0.006817611865699291, 0.007520698942244053, 0.007249313406646252, 0.009663241915404797, 0.00941033661365509, 0.010398340411484241, 0.00878719799220562, 0.012174287810921669, 0.010048112832009792, 0.01582367904484272, 0.017793627455830574, 0.029795166105031967, 0.03791965916752815, 0.004242439288645983, 0.0025322665460407734, 0.002306742826476693, 0.002624637447297573, 0.0027450788766145706, 0.00198751431889832, 0.0024517641868442297, 0.002415217226371169, 0.0023128576576709747, 0.0027059954591095448, 0.0035356406588107347, 0.004022050183266401, 0.003239290090277791, 0.004957155790179968, 0.00402994966134429, 0.007174322847276926, 0.0069122472777962685, 0.008802593685686588, 0.007194952107965946, 0.007438594941049814, 0.010697312653064728, 0.008445324376225471, 0.009466213174164295, 0.01292114146053791, 0.017544742673635483, 0.002511609811335802, 0.0016872941050678492, 0.001547828665934503, 0.0014851356390863657, 0.0006671770825050771, 0.0012520471354946494, 0.001023722579702735, 0.0018908677157014608, 0.0022573331370949745, 0.002267452422529459, 0.002684110775589943, 0.002607425907626748, 0.0027154916897416115, 0.0037767875473946333, 0.003530220128595829, 0.004928234964609146, 0.005484812892973423, 0.004568253643810749, 0.008044338785111904, 0.008054006844758987, 0.00780407153069973, 0.0108170285820961, 0.01127563789486885, 0.012556768022477627],