{
  "run_id": "sig0.05_lr0.002_B1024_beta_dtd_beta0.25_s2",
  "config": {
    "loss": "beta_dtd",
    "beta": 0.25,
    "sigma": 0.05,
    "lr": 0.002,
    "batch_size": 1024,
    "seed": 2,
    "r": 0.02,
    "mu": 0.08,
    "gamma": 2.0,
    "rho": 0.08,
    "pi": 0.75,
    "kappa": 0.06125,
    "num_steps": 15000,
    "dt": 0.003968253968253968,
    "wealth_min": 0.3,
    "wealth_max": 3.0,
    "eval_points": 200,
    "log_every": 50,
    "out_dir": "results/hpo_sweep",
    "run_id": "sig0.05_lr0.002_B1024_beta_dtd_beta0.25_s2"
  },
  "elapsed_sec": 105.11779999732971,
  "params": {
    "r": 0.02,
    "mu": 0.08,
    "sigma": 0.05,
    "gamma": 2.0,
    "rho": 0.08
  },
  "policy": {
    "pi": 0.75,
    "kappa": 0.06125
  },
  "train_cfg": {
    "seed": 2,
    "batch_size": 1024,
    "num_steps": 15000,
    "learning_rate": 0.002,
    "dt": 0.003968253968253968,
    "wealth_min": 0.3,
    "wealth_max": 3.0,
    "eval_points": 200,
    "beta": 0.25,
    "device": "cpu",
    "log_every": 50,
    "num_replicas": 1
  },
  "mae": 8.29466829487297,
  "rmse": 12.049358087812442,
  "mape": 0.030135642592618594,
  "v_w_mae": 161.55282212808345,
  "v_w_norm": 557.7222900390625,
  "v_w_norm_true": 732.4525030772962,
  "hjb_rmse": 1.4509002384276783,
  "dtd_noise_floor": 0.4259503955036078
}