{"step": [0.0, 100.0, 200.0, 300.0, 400.0, 500.0, 600.0, 700.0, 800.0, 900.0, 1000.0, 1100.0, 1200.0, 1300.0, 1400.0, 1500.0, 1600.0, 1700.0, 1800.0, 1900.0, 2000.0, 2100.0, 2200.0, 2300.0, 2400.0, 2500.0, 2600.0, 2700.0, 2800.0, 2900.0, 2999.0], "loss": [0.00999080017209053, 0.009146069176495075, 0.008490324951708317, 0.007873090915381908, 0.0072563462890684605, 0.006731748580932617, 0.006316399201750755, 0.005872752517461777, 0.005464439280331135, 0.11637149751186371, 0.06393781304359436, 0.10178283601999283, 0.09544842690229416, 0.10044629871845245, 0.10128394514322281, 0.13338345289230347, 0.15945306420326233, 0.18600977957248688, 0.20580804347991943, 0.21558941900730133, 0.29779449105262756, 0.37286365032196045, 0.3258626461029053, 0.28922238945961, 0.3159116804599762, 0.3233894407749176, 0.4573666751384735, 0.463515043258667, 0.3995245695114136, 0.4152434468269348, 0.5161613821983337], "td_mse": [0.00999080017209053, 0.009146088734269142, 0.00849035382270813, 0.007873130030930042, 0.007256401237100363, 0.006731775589287281, 0.006316458806395531, 0.005872849375009537, 0.005464506335556507, 0.11636995524168015, 0.06393394619226456, 0.10177914053201675, 0.09544717520475388, 0.1004435196518898, 0.10127993673086166, 0.13338087499141693, 0.15944889187812805, 0.18600046634674072, 0.20580275356769562, 0.2155863642692566, 0.29779040813446045, 0.37285134196281433, 0.3258513808250427, 0.2892192602157593, 0.31590837240219116, 0.32337722182273865, 0.45735567808151245, 0.46349531412124634, 0.39950892329216003, 0.41522443294525146, 0.5161516666412354], "dtd_mse": [0.009990798309445381, 0.009145896881818771, 0.008490070700645447, 0.007872739806771278, 0.007255855947732925, 0.0067315055057406425, 0.006315866485238075, 0.005871879868209362, 0.005463837645947933, 0.1163853332400322, 0.06397265940904617, 0.1018161028623581, 0.09545973688364029, 0.10047132521867752, 0.10132010281085968, 0.13340669870376587, 0.15949077904224396, 0.18609359860420227, 0.20585574209690094, 0.21561698615550995, 0.2978311777114868, 0.3729745149612427, 0.3259640336036682, 0.28925061225891113, 0.3159414529800415, 0.323499470949173, 0.4574657380580902, 0.46369296312332153, 0.3996656537055969, 0.41541457176208496, 0.5162490010261536], "pinn_mse": [NaN, NaN, NaN, NaN, NaN, NaN, NaN, NaN, NaN, NaN, NaN, NaN, NaN, NaN, NaN, NaN, NaN, NaN, NaN, NaN, NaN, NaN, NaN, NaN, NaN, NaN, NaN, NaN, NaN, NaN, NaN], "terminal_mse": [NaN, NaN, NaN, NaN, NaN, NaN, NaN, NaN, NaN, NaN, NaN, NaN, NaN, NaN, NaN, NaN, NaN, NaN, NaN, NaN, NaN, NaN, NaN, NaN, NaN, NaN, NaN, NaN, NaN, NaN, NaN], "mae": [236.1043093994714, 218.91205771301753, 205.5215349087573, 192.8922458252765, 180.79946302269468, 169.51546075660198, 160.14874005703382, 152.43126274810228, 146.07937149684355, 139.12786092613706, 128.34329359816974, 122.36632760857115, 117.29274047707091, 112.56165683842462, 107.72825175488184, 100.52669281642363, 95.44332999537932, 92.13936387447768, 87.78985124419634, 83.11733539627735, 81.16760038006458, 79.08322522972594, 72.76114777019862, 69.93887560905192, 70.89246512344866, 64.26763167131665, 61.31979263161193, 60.79446429777997, 57.823980242385026, 62.37124791334616, 54.039398776993615], "rmse": [280.6002804444718, 266.26377039360676, 255.38977118376943, 245.34675608443828, 235.96009429781677, 227.15501281043208, 218.90151153713816, 211.19379779323785, 204.04540170547705, 197.0957859187228, 190.1033563584698, 183.71640629062375, 177.7242640091448, 171.76106119621642, 166.197248183101, 160.6325606979853, 155.34496120786298, 150.4289629987665, 145.66185886339096, 140.97846143428006, 136.73200259161084, 132.4204037427544, 128.04910370756443, 124.04451038718747, 120.35308087162456, 116.57996596622716, 112.91478639962625, 109.71423731666488, 106.49396335705211, 103.80735361645986, 100.0290113837576], "mape": [0.9972048345066277, 0.8860071830199989, 0.798950202060776, 0.716991834368622, 0.6385467064787465, 0.5688884990806627, 0.524365509373506, 0.49840426729036286, 0.4854934687198611, 0.4532096894205258, 0.37476444511386686, 0.35360926877601534, 0.3361802515586369, 0.3362500986243581, 0.3272485205509795, 0.2743625282000187, 0.25661168593160194, 0.24913615237728945, 0.22719626910460325, 0.21292156804974588, 0.22033892106726627, 0.22570459841545978, 0.18581715470313478, 0.18470674981891108, 0.20964424249231606, 0.16503577485365217, 0.16199816539006967, 0.1779364927836427, 0.15194264320521833, 0.21276867899209828, 0.14786647379312606], "v_w_mae": [435.7724857414825, 435.6463350753817, 435.6900856059346, 435.70089588067805, 435.7051975166159, 435.7068447104479, 435.7066059450315, 435.7033437806092, 435.6824388217277, 425.39101018397554, 423.4907192854213, 419.39174978925587, 414.34116175666765, 418.40740446537546, 415.7804287161878, 406.9018663248409, 404.31582946808385, 400.04650389696707, 393.8188967192284, 391.7246654105779, 394.2972361552054, 393.15168699323743, 383.0436861985777, 381.5710486198129, 384.8927432329493, 368.4129546780213, 370.84778402628217, 370.17350053449974, 357.8036037304023, 367.79030924045173, 365.7705393520039], "v_w_norm": [0.14414475858211517, 0.12261796742677689, 0.05009571462869644, 0.030481120571494102, 0.022722043097019196, 0.019762637093663216, 0.02018588036298752, 0.026228563860058784, 0.0681590884923935, 28.369728088378906, 20.79323959350586, 29.592653274536133, 33.154136657714844, 29.448801040649414, 33.069644927978516, 46.23279571533203, 49.881290435791016, 61.62007141113281, 67.53605651855469, 65.31851959228516, 66.31351470947266, 90.29969787597656, 85.06452941894531, 81.34777069091797, 84.00670623779297, 98.30338287353516, 113.24715423583984, 110.00894927978516, 112.2437515258789, 107.99778747558594, 120.34886932373047], "hjb_rmse": [25.288769646781642, 24.138951476144, 23.26603089751798, 22.45668799937458, 21.69715127815976, 20.98122959100152, 20.306258257851226, 19.67153314150223, 19.078102414739273, 18.490314508727852, 17.931194263942366, 17.40510155936355, 16.88550877689725, 16.442026238659796, 15.974125655575529, 15.486396363039702, 15.061494700331032, 14.657604220673022, 14.233172500125894, 13.812995411235947, 13.449826298647324, 13.172882138319789, 12.7523741871839, 12.404408743094091, 12.169896114198565, 11.731925999393184, 11.576436973434095, 11.228195118271858, 10.853477744081356, 10.799571702469231, 10.444902299664218]}