{
  "run_id": "sig0.2_lr0.005_B4096_td_beta0_s2",
  "config": {
    "loss": "td",
    "beta": 0.0,
    "sigma": 0.2,
    "lr": 0.005,
    "batch_size": 4096,
    "seed": 2,
    "r": 0.02,
    "mu": 0.08,
    "gamma": 2.0,
    "rho": 0.08,
    "pi": 0.75,
    "kappa": 0.06125,
    "num_steps": 15000,
    "dt": 0.003968253968253968,
    "wealth_min": 0.3,
    "wealth_max": 3.0,
    "eval_points": 200,
    "log_every": 50,
    "out_dir": "results/hpo_sweep",
    "run_id": "sig0.2_lr0.005_B4096_td_beta0_s2"
  },
  "elapsed_sec": 329.89676213264465,
  "params": {
    "r": 0.02,
    "mu": 0.08,
    "sigma": 0.2,
    "gamma": 2.0,
    "rho": 0.08
  },
  "policy": {
    "pi": 0.75,
    "kappa": 0.06125
  },
  "train_cfg": {
    "seed": 2,
    "batch_size": 4096,
    "num_steps": 15000,
    "learning_rate": 0.005,
    "dt": 0.003968253968253968,
    "wealth_min": 0.3,
    "wealth_max": 3.0,
    "eval_points": 200,
    "beta": 0.0,
    "device": "cpu",
    "log_every": 50,
    "num_replicas": 1
  },
  "mae": 67.93105614961353,
  "rmse": 95.07604169353222,
  "mape": 0.16108088231771128,
  "v_w_mae": 237.51726434230625,
  "v_w_norm": 638.8062133789062,
  "v_w_norm_true": 984.7001763309571,
  "hjb_rmse": 12.848587508800293,
  "dtd_noise_floor": 7.3520954588443574
}