{
  "params": {
    "r": 0.02,
    "mu": 0.08,
    "sigma": 0.1,
    "gamma": 2.0,
    "rho": 0.08
  },
  "policy": {
    "pi": 0.75,
    "kappa": 0.06125
  },
  "train_cfg": {
    "seed": 0,
    "batch_size": 256,
    "num_steps": 3000,
    "learning_rate": 0.002,
    "dt": 0.003968253968253968,
    "wealth_min": 0.3,
    "wealth_max": 3.0,
    "eval_points": 200,
    "beta": 0.5,
    "device": "cpu",
    "log_every": 20,
    "num_replicas": 1
  },
  "loss": "beta_dtd",
  "mae": 79.26991125588798,
  "rmse": 132.04591136178354,
  "mape": 0.2305379226902366,
  "v_w_mae": 441.25566661734246,
  "v_w_norm": 106.08342742919922,
  "v_w_norm_true": 772.0049382434704,
  "hjb_rmse": 10.105147088413247,
  "dtd_noise_floor": 0.2696641866395123
}