{
  "params": {
    "r": 0.02,
    "mu": 0.08,
    "sigma": 0.05,
    "gamma": 2.0,
    "rho": 0.08
  },
  "policy": {
    "pi": 0.75,
    "kappa": 0.06125
  },
  "train_cfg": {
    "seed": 1,
    "batch_size": 256,
    "num_steps": 15000,
    "learning_rate": 0.005,
    "dt": 0.003968253968253968,
    "wealth_min": 0.3,
    "wealth_max": 3.0,
    "eval_points": 200,
    "beta": 0.5,
    "device": "cpu",
    "log_every": 100,
    "num_replicas": 32
  },
  "loss": "td_mean",
  "config": {
    "loss": "td_mean",
    "beta": 0.5,
    "sigma": 0.05,
    "lr": 0.005,
    "batch_size": 256,
    "seed": 1,
    "num_replicas": 32
  },
  "mae": 6.206139271458747,
  "rmse": 8.698996287161531,
  "mape": 0.024700725168846,
  "v_w_mae": 95.16878824728501,
  "v_w_norm": 756.8246459960938,
  "v_w_norm_true": 732.4525030772962,
  "hjb_rmse": 2.0719557337262398
}