{
  "run_id": "sig0.2_lr0.002_B256_td_beta0_s2",
  "config": {
    "loss": "td",
    "beta": 0.0,
    "sigma": 0.2,
    "lr": 0.002,
    "batch_size": 256,
    "seed": 2,
    "r": 0.02,
    "mu": 0.08,
    "gamma": 2.0,
    "rho": 0.08,
    "pi": 0.75,
    "kappa": 0.06125,
    "num_steps": 15000,
    "dt": 0.003968253968253968,
    "wealth_min": 0.3,
    "wealth_max": 3.0,
    "eval_points": 200,
    "log_every": 50,
    "out_dir": "results/hpo_sweep",
    "run_id": "sig0.2_lr0.002_B256_td_beta0_s2"
  },
  "elapsed_sec": 72.92634081840515,
  "params": {
    "r": 0.02,
    "mu": 0.08,
    "sigma": 0.2,
    "gamma": 2.0,
    "rho": 0.08
  },
  "policy": {
    "pi": 0.75,
    "kappa": 0.06125
  },
  "train_cfg": {
    "seed": 2,
    "batch_size": 256,
    "num_steps": 15000,
    "learning_rate": 0.002,
    "dt": 0.003968253968253968,
    "wealth_min": 0.3,
    "wealth_max": 3.0,
    "eval_points": 200,
    "beta": 0.0,
    "device": "cpu",
    "log_every": 50,
    "num_replicas": 1
  },
  "mae": 63.295422835686075,
  "rmse": 92.66163940397088,
  "mape": 0.15489816060812667,
  "v_w_mae": 284.99885126986214,
  "v_w_norm": 512.1373901367188,
  "v_w_norm_true": 984.7001763309571,
  "hjb_rmse": 10.830303506452614,
  "dtd_noise_floor": 5.486315021360952
}