{"step": [0.0, 50.0, 100.0, 150.0, 200.0, 250.0, 300.0, 350.0, 400.0, 450.0, 500.0, 550.0, 600.0, 650.0, 700.0, 750.0, 800.0, 850.0, 900.0, 950.0, 999.0], "loss": [0.01004881039261818, 0.009606669656932354, 0.00923690851777792, 0.008903109468519688, 0.008509138599038124, 0.008299216628074646, 0.008040388114750385, 0.007813632488250732, 0.00757951894775033, 0.007419720757752657, 0.007130565121769905, 0.006939571816474199, 0.006718296557664871, 0.006500993389636278, 0.006211158819496632, 0.006009291857481003, 0.005772906355559826, 0.005600783042609692, 0.016918469220399857, 0.039212360978126526, 0.06287337094545364], "td_mse": [0.01004881039261818, 0.00960669107735157, 0.00923694297671318, 0.008903156965970993, 0.008509194478392601, 0.008299275301396847, 0.008040441200137138, 0.007813720963895321, 0.007579596247524023, 0.007419816683977842, 0.007130663841962814, 0.006939664948731661, 0.00671845069155097, 0.0065010604448616505, 0.0062112449668347836, 0.006009453907608986, 0.005772994831204414, 0.005600879434496164, 0.016918804496526718, 0.03921082615852356, 0.06287483125925064], "dtd_mse": [0.010048809461295605, 0.009606581181287766, 0.009236772544682026, 0.008902921341359615, 0.008508915081620216, 0.008298980072140694, 0.008040173910558224, 0.007813279516994953, 0.007579210214316845, 0.007419337518513203, 0.0071301693096756935, 0.006939198821783066, 0.0067176781594753265, 0.006500723771750927, 0.006210811901837587, 0.006008643191307783, 0.005772551987320185, 0.005600395146757364, 0.01691712811589241, 0.0392184853553772, 0.06286753714084625], "pinn_mse": [NaN, NaN, NaN, NaN, NaN, NaN, NaN, NaN, NaN, NaN, NaN, NaN, NaN, NaN, NaN, NaN, NaN, NaN, NaN, NaN, NaN], "terminal_mse": [NaN, NaN, NaN, NaN, NaN, NaN, NaN, NaN, NaN, NaN, NaN, NaN, NaN, NaN, NaN, NaN, NaN, NaN, NaN, NaN, NaN], "mae": [236.10430951033604, 226.31159818027984, 218.91767397736078, 212.0953894219256, 205.53608412598143, 199.15619127129088, 192.89619438026915, 186.76143838737974, 180.7195294175006, 174.78890873169416, 169.30949453193156, 164.36258168520854, 159.86860421419675, 155.79145462444666, 152.0987709497014, 148.75726203854185, 145.72470262683808, 142.96534000310555, 139.1740973968252, 131.72761602343923, 128.4552907357074], "rmse": [280.60028049205704, 272.30793722555086, 266.2666346744679, 260.70200086827026, 255.4008437227696, 250.29887078576206, 245.34944195415866, 240.557548607827, 235.89849378314233, 231.37243424008125, 226.98456262158828, 222.74669415433877, 218.6375218961685, 214.6659215826484, 210.8380032066417, 207.15880557290387, 203.61732392225576, 200.2195479964627, 196.70910076609746, 193.0234446182957, 189.77041931026136], "mape": [0.9972048356278503, 0.9347469204707647, 0.8860622617201127, 0.8416580430532354, 0.7990512386494234, 0.7576400701509624, 0.7170217325546173, 0.6772232935798863, 0.6380318959914809, 0.5997603556825287, 0.5677645112428416, 0.5427192763738575, 0.5232448546345537, 0.5084270053919703, 0.4975391774269424, 0.489938408893636, 0.48507541144792543, 0.4822901474912877, 0.46310449100162676, 0.39271671664372493, 0.37740375764368717], "v_w_mae": [435.772485611604, 435.473553242321, 435.6415276643939, 435.674799138405, 435.68840088554674, 435.6956230993486, 435.6998078311252, 435.7025249140247, 435.70426518576227, 435.70536849677677, 435.705998005582, 435.7062244302597, 435.7060192446399, 435.70520188230677, 435.703457645613, 435.6995363160703, 435.6896083847225, 435.62744540923234, 432.8621897178535, 425.67783050642197, 420.7648127197958], "v_w_norm": [0.1441447138786316, 0.34931084513664246, 0.12885090708732605, 0.07610763609409332, 0.05254143849015236, 0.039714232087135315, 0.032152097672224045, 0.027287432923913002, 0.02417713589966297, 0.02222519926726818, 0.021135538816452026, 0.02077973261475563, 0.02120741829276085, 0.022759972140192986, 0.026069823652505875, 0.033629607409238815, 0.053528737276792526, 0.18960431218147278, 6.153539657592773, 16.408201217651367, 25.12479019165039], "hjb_rmse": [25.288769649111156, 24.62097033461245, 24.139115452284457, 23.692905279917333, 23.266900991500684, 22.856137027834865, 22.45689376834694, 22.069570682628566, 21.692148022421467, 21.324604799812814, 20.96732758777841, 20.621248480944875, 20.28459453986227, 19.958056849440585, 19.642111832117124, 19.337165527622698, 19.042329194101903, 18.75865008036959, 18.493339147616012, 18.165458807328747, 17.900935546601524]}