{
  "params": {
    "r": 0.02,
    "mu": 0.08,
    "sigma": 0.05,
    "gamma": 2.0,
    "rho": 0.08
  },
  "policy": {
    "pi": 0.75,
    "kappa": 0.06125
  },
  "train_cfg": {
    "seed": 0,
    "batch_size": 256,
    "num_steps": 15000,
    "learning_rate": 0.005,
    "dt": 0.003968253968253968,
    "wealth_min": 0.3,
    "wealth_max": 3.0,
    "eval_points": 200,
    "beta": 0.5,
    "device": "cpu",
    "log_every": 100,
    "num_replicas": 32
  },
  "loss": "td_mean",
  "config": {
    "loss": "td_mean",
    "beta": 0.5,
    "sigma": 0.05,
    "lr": 0.005,
    "batch_size": 256,
    "seed": 0,
    "num_replicas": 32
  },
  "mae": 10.625248572190308,
  "rmse": 14.394612595783052,
  "mape": 0.03715189417942383,
  "v_w_mae": 70.65027418422954,
  "v_w_norm": 758.5968017578125,
  "v_w_norm_true": 732.4525030772962,
  "hjb_rmse": 1.8877490470962166
}