{
  "betas": [
    0.0,
    0.1,
    0.25,
    0.5,
    0.75,
    0.9,
    1.0
  ],
  "final_mae": [
    39.64423519330417,
    48.63828069186629,
    78.59909169650497,
    167.23202619052353,
    388.8914027164025,
    923.2556574771446,
    335.49452600025717
  ],
  "final_v_w_norm": [
    869.0294799804688,
    890.6102294921875,
    939.600830078125,
    981.7681884765625,
    1029.1639404296875,
    948.4610595703125,
    0.0029305624775588512
  ],
  "v_w_norm_truth": 984.7001763309571,
  "meta": {
    "params": {
      "r": 0.02,
      "mu": 0.08,
      "sigma": 0.2,
      "gamma": 2.0,
      "rho": 0.08
    },
    "policy": {
      "pi": 0.75,
      "kappa": 0.06125
    },
    "num_steps": 50000,
    "lr": 0.002,
    "dt": 0.003968253968253968,
    "batch_size": 2048,
    "sigma": 0.2
  }
}