{
  "betas": [
    0.0,
    0.1,
    0.25,
    0.5,
    0.75,
    0.9,
    1.0
  ],
  "best_mae": [
    6.604559484220838,
    6.706053534410511,
    7.1741788069268795,
    39.23729489469106,
    87.75485737867508,
    140.4742145060754,
    335.3279640676934
  ],
  "best_step": [
    25000,
    37000,
    38000,
    13500,
    10500,
    6500,
    46000
  ],
  "best_v_w_norm": [
    959.0526123046875,
    893.496826171875,
    1002.9402465820312,
    710.8429565429688,
    435.9931335449219,
    188.10653686523438,
    0.03677167370915413
  ],
  "truth_v_w_norm": 984.7001763309571
}