{
  "params": {
    "r": 0.02,
    "mu": [
      0.08,
      0.08,
      0.08,
      0.08,
      0.08,
      0.08,
      0.08,
      0.08,
      0.08,
      0.08,
      0.08,
      0.08,
      0.08,
      0.08,
      0.08,
      0.08,
      0.08,
      0.08,
      0.08,
      0.08
    ],
    "sigma": [
      0.2,
      0.2,
      0.2,
      0.2,
      0.2,
      0.2,
      0.2,
      0.2,
      0.2,
      0.2,
      0.2,
      0.2,
      0.2,
      0.2,
      0.2,
      0.2,
      0.2,
      0.2,
      0.2,
      0.2
    ],
    "gamma": 2.0,
    "rho": 0.08
  },
  "policy": {
    "pi": [
      0.05,
      0.05,
      0.05,
      0.05,
      0.05,
      0.05,
      0.05,
      0.05,
      0.05,
      0.05,
      0.05,
      0.05,
      0.05,
      0.05,
      0.05,
      0.05,
      0.05,
      0.05,
      0.05,
      0.05
    ],
    "kappa": 0.06125
  },
  "train_cfg": {
    "seed": 0,
    "batch_size": 512,
    "num_steps": 12000,
    "learning_rate": 0.002,
    "dt": 0.003968253968253968,
    "wealth_min": 0.3,
    "wealth_max": 3.0,
    "eval_points": 200,
    "beta": 0.5,
    "device": "cpu",
    "log_every": 50,
    "num_replicas": 1
  },
  "loss": "td",
  "config": {
    "loss": "td",
    "beta": 0.5,
    "sigma": "0.20,0.20,0.20,0.20,0.20,0.20,0.20,0.20,0.20,0.20,0.20,0.20,0.20,0.20,0.20,0.20,0.20,0.20,0.20,0.20",
    "lr": 0.002,
    "batch_size": 512,
    "seed": 0,
    "num_replicas": 1
  },
  "mae": 21.318292233796726,
  "rmse": 41.660716302189336,
  "mape": 0.07026466885698947,
  "v_w_mae": 240.4145405764777,
  "v_w_norm": 255.09616088867188,
  "v_w_norm_true": 623.3890005195981,
  "hjb_rmse": 6.217937323323575
}