{"step": [0.0, 50.0, 100.0, 150.0, 200.0, 250.0, 300.0, 350.0, 400.0, 450.0, 500.0, 550.0, 600.0, 650.0, 700.0, 750.0, 800.0, 850.0, 900.0, 950.0, 999.0], "loss": [0.01004881039261818, 0.009606514126062393, 0.009236834943294525, 0.0089030172675848, 0.008509034290909767, 0.008299113251268864, 0.008040305227041245, 0.007813488133251667, 0.007579417899250984, 0.0074195717461407185, 0.0071303825825452805, 0.006939403247088194, 0.006718048360198736, 0.006500888150185347, 0.006211018189787865, 0.0060090357437729836, 0.005772726144641638, 0.005598760209977627, 0.009582778438925743, 0.009112915955483913, 0.01353076659142971], "td_mse": [0.01004881039261818, 0.009606567211449146, 0.00923691876232624, 0.008903134614229202, 0.00850917398929596, 0.008299268782138824, 0.008040458895266056, 0.007813719101250172, 0.0075796497985720634, 0.007419830188155174, 0.0071306186728179455, 0.006939630955457687, 0.006718441843986511, 0.006501075811684132, 0.00621124729514122, 0.006009454373270273, 0.005772959440946579, 0.005598950199782848, 0.00958354864269495, 0.00911218672990799, 0.013531316071748734], "dtd_mse": [0.010048809461295605, 0.00960646104067564, 0.00923675112426281, 0.008902900852262974, 0.00850889552384615, 0.008298957720398903, 0.008040150627493858, 0.007813257165253162, 0.007579186465591192, 0.007419313304126263, 0.007130146492272615, 0.0069391755387187, 0.006717654876410961, 0.006500700488686562, 0.006210789550095797, 0.006008616648614407, 0.005772492848336697, 0.0055985706858336926, 0.00958200916647911, 0.009113645181059837, 0.013530218042433262], "pinn_mse": [NaN, NaN, NaN, NaN, NaN, NaN, NaN, NaN, NaN, NaN, NaN, NaN, NaN, NaN, NaN, NaN, NaN, NaN, NaN, NaN, NaN], "terminal_mse": [NaN, NaN, NaN, NaN, NaN, NaN, NaN, NaN, NaN, NaN, NaN, NaN, NaN, NaN, NaN, NaN, NaN, NaN, NaN, NaN, NaN], "mae": [236.10430980120668, 226.31108145092497, 218.9173170456744, 212.0950091538287, 205.5356546769, 199.15571765755186, 192.89569063042174, 186.76090621803772, 180.7189692673541, 174.7883386633348, 169.30895913917033, 164.36207482638284, 159.86813977480466, 155.79101890972498, 152.0983618997136, 148.75689384396176, 145.72443674243866, 142.96676826390876, 139.6648852081045, 135.81904175184582, 131.37923572920178], "rmse": [280.6002807924605, 272.30781295302415, 266.2664209764008, 260.7017144988514, 255.4005064078718, 250.29849796432507, 245.3490469404717, 240.55713542703202, 235.89806445792533, 231.37199446641154, 226.98411935690262, 222.7462460779426, 218.6370800485215, 214.66547736941047, 210.83755685761446, 207.15836101314997, 203.6168913829946, 200.21942041728897, 196.79729951310463, 193.40613385926252, 190.06078107766837], "mape": [0.9972048370530309, 0.9347403015123211, 0.8860590953898009, 0.8416553282480541, 0.7990483610681932, 0.7576369530686583, 0.7170184509962181, 0.6772198387517385, 0.6380282616757722, 0.5997567754926512, 0.5677615931348098, 0.542716894369502, 0.5232430450234407, 0.5084256421512978, 0.49753822945924137, 0.48993804950877035, 0.48507650507616723, 0.48231597337661347, 0.47020371271360234, 0.45137223816515665, 0.4225834459149048], "v_w_mae": [435.77248575737883, 435.4743957436112, 435.6417541296058, 435.67486332977523, 435.68842352600427, 435.6956335528056, 435.6998105118787, 435.7025255769796, 435.70426526602466, 435.7053687422274, 435.70599855644855, 435.70622645093835, 435.70602445165787, 435.705212831992, 435.7034818453922, 435.6996014230822, 435.6898515037694, 435.63177304885534, 433.97050041307864, 432.6110341290745, 429.6992780211733], "v_w_norm": [0.14414474368095398, 0.3482515811920166, 0.128560408949852, 0.07601497322320938, 0.05250248312950134, 0.039693403989076614, 0.03214317560195923, 0.027282096445560455, 0.024173147976398468, 0.02222118154168129, 0.02113107033073902, 0.02077273093163967, 0.021194739267230034, 0.022736523300409317, 0.026020949706435204, 0.03349914029240608, 0.05302567034959793, 0.17971152067184448, 3.5914371013641357, 5.705883026123047, 10.993423461914062], "hjb_rmse": [25.288769675019847, 24.620972201428316, 24.139101398720484, 23.69288313914321, 23.266874165180358, 22.856107123088524, 22.45686190382794, 22.069537257252478, 21.69211318108171, 21.324569029205527, 20.96729146537601, 20.621211803032896, 20.28455825202294, 19.95802023027515, 19.64207480977879, 19.337128251937024, 19.04229125462058, 18.758588273067197, 18.48759124305989, 18.192245091945736, 17.916216871957896]}