{
  "params": {
    "r": 0.02,
    "mu": 0.08,
    "sigma": 0.1,
    "gamma": 2.0,
    "rho": 0.08
  },
  "policy": {
    "pi": 0.75,
    "kappa": 0.06125
  },
  "train_cfg": {
    "seed": 0,
    "batch_size": 256,
    "num_steps": 3000,
    "learning_rate": 0.002,
    "dt": 0.003968253968253968,
    "wealth_min": 0.3,
    "wealth_max": 3.0,
    "eval_points": 200,
    "beta": 0.5,
    "device": "cpu",
    "log_every": 20,
    "num_replicas": 1
  },
  "loss": "td",
  "mae": 76.01220820962699,
  "rmse": 131.63260712885378,
  "mape": 0.19284302343017287,
  "v_w_mae": 460.386560964501,
  "v_w_norm": 121.6791000366211,
  "v_w_norm_true": 772.0049382434704,
  "hjb_rmse": 10.255596666464275,
  "dtd_noise_floor": 0.4151496858889566
}