{"step": [0.0, 50.0, 100.0, 150.0, 200.0, 250.0, 300.0, 350.0, 400.0, 450.0, 500.0, 550.0, 600.0, 650.0, 700.0, 750.0, 800.0, 850.0, 900.0, 950.0, 999.0], "loss": [0.01004881039261818, 0.009606722742319107, 0.009236945770680904, 0.00890315230935812, 0.008509200997650623, 0.008299263194203377, 0.00804046168923378, 0.007813733071088791, 0.007579621393233538, 0.007419864181429148, 0.0071306778118014336, 0.006939575541764498, 0.006718401797115803, 0.006501079071313143, 0.006211203522980213, 0.006009416189044714, 0.005773044191300869, 0.005601631011813879, 0.022849202156066895, 0.167327418923378, 0.13864640891551971], "td_mse": [0.01004881039261818, 0.009606722742319107, 0.009236945770680904, 0.00890315230935812, 0.008509200997650623, 0.008299263194203377, 0.00804046168923378, 0.007813733071088791, 0.007579621393233538, 0.007419864181429148, 0.0071306778118014336, 0.006939575541764498, 0.006718401797115803, 0.006501079071313143, 0.006211203522980213, 0.006009416189044714, 0.005773044191300869, 0.005601631011813879, 0.022849202156066895, 0.167327418923378, 0.13864640891551971], "dtd_mse": [0.010048809461295605, 0.009606622159481049, 0.009236780926585197, 0.008902925997972488, 0.008508921600878239, 0.00829898752272129, 0.00804018136113882, 0.007813287898898125, 0.007579218130558729, 0.007419345900416374, 0.007130178157240152, 0.006939207203686237, 0.0067176856100559235, 0.006500731687992811, 0.006210819818079472, 0.006008652038872242, 0.005772570613771677, 0.005601075477898121, 0.022847037762403488, 0.1673605740070343, 0.13862699270248413], "pinn_mse": [NaN, NaN, NaN, NaN, NaN, NaN, NaN, NaN, NaN, NaN, NaN, NaN, NaN, NaN, NaN, NaN, NaN, NaN, NaN, NaN, NaN], "terminal_mse": [NaN, NaN, NaN, NaN, NaN, NaN, NaN, NaN, NaN, NaN, NaN, NaN, NaN, NaN, NaN, NaN, NaN, NaN, NaN, NaN, NaN], "mae": [236.10430941571366, 226.31177163933287, 218.91779442642695, 212.09551663254268, 205.5362267575122, 199.156348074422, 192.8963645157672, 186.7616172966815, 180.71971652840148, 174.78910045837875, 169.30967733222454, 164.3627543002598, 159.8687665295654, 155.79160557201746, 152.09890755401048, 148.757381820036, 145.72478498615203, 142.96480949315682, 138.93448935696924, 138.1929302201129, 135.96701110695372], "rmse": [280.60028039776756, 272.3079790364605, 266.26670690491596, 260.70209662263034, 255.40095564909208, 250.29899417815875, 245.34957535740887, 240.55768761019272, 235.89863714746792, 231.37258205663804, 226.9847137509578, 222.74684691386875, 218.63767625066615, 214.666075787601, 210.8381522469826, 207.15895027472308, 203.61746056194235, 200.21957074593163, 196.6689846392075, 193.65741406968726, 190.5459656469846], "mape": [0.9972048351402643, 0.9347491415583966, 0.8860633294422899, 0.8416589521627657, 0.79905219545232, 0.7576411031430312, 0.7170228408816094, 0.6772244557472071, 0.6380331102072834, 0.5997615605081171, 0.5677655085346217, 0.5427200880844419, 0.5232454895271398, 0.5084274737343205, 0.49753949400845826, 0.4899385259902489, 0.48507503887878634, 0.4822808642956359, 0.4595945533692066, 0.4732869209549691, 0.4714979875130605], "v_w_mae": [435.7724855745196, 435.4732707429711, 435.6414514122926, 435.6747774561734, 435.68839324007075, 435.6956195626744, 435.6998069154845, 435.70252469777785, 435.7042651506566, 435.7053684453562, 435.7059978414529, 435.7062238036792, 435.7060175808565, 435.7051983168848, 435.70344972793015, 435.69951466373544, 435.68952660106754, 435.62588803685406, 432.4939926424077, 423.54625401848716, 423.29436876247615], "v_w_norm": [0.1441446989774704, 0.3496663272380829, 0.12894877791404724, 0.07613889127969742, 0.05255456268787384, 0.039721228182315826, 0.03215508908033371, 0.02728920429944992, 0.02417847141623497, 0.022226490080356598, 0.021136993542313576, 0.020782003179192543, 0.021211516112089157, 0.022767622023820877, 0.02608592063188553, 0.03367307782173157, 0.053698133677244186, 0.1931745857000351, 7.635356426239014, 34.83439254760742, 40.658992767333984], "hjb_rmse": [25.288769641105457, 24.620969715596587, 24.13912021087556, 23.692912679536768, 23.26690989582426, 22.85614692778249, 22.456904526274048, 22.069581917166943, 21.69215963484906, 21.324616816496068, 20.96733991610121, 20.621260942307316, 20.2846071773506, 19.958069554201884, 19.642124177134235, 19.33717765496916, 19.042341243559406, 18.758670445932914, 18.4987154057567, 18.190875027812876, 17.973962669081246]}