{
  "run_id": "sig0.2_lr0.0005_B1024_beta_dtd_beta0.75_s2",
  "config": {
    "loss": "beta_dtd",
    "beta": 0.75,
    "sigma": 0.2,
    "lr": 0.0005,
    "batch_size": 1024,
    "seed": 2,
    "r": 0.02,
    "mu": 0.08,
    "gamma": 2.0,
    "rho": 0.08,
    "pi": 0.75,
    "kappa": 0.06125,
    "num_steps": 15000,
    "dt": 0.003968253968253968,
    "wealth_min": 0.3,
    "wealth_max": 3.0,
    "eval_points": 200,
    "log_every": 50,
    "out_dir": "results/hpo_sweep",
    "run_id": "sig0.2_lr0.0005_B1024_beta_dtd_beta0.75_s2"
  },
  "elapsed_sec": 308.9840922355652,
  "params": {
    "r": 0.02,
    "mu": 0.08,
    "sigma": 0.2,
    "gamma": 2.0,
    "rho": 0.08
  },
  "policy": {
    "pi": 0.75,
    "kappa": 0.06125
  },
  "train_cfg": {
    "seed": 2,
    "batch_size": 1024,
    "num_steps": 15000,
    "learning_rate": 0.0005,
    "dt": 0.003968253968253968,
    "wealth_min": 0.3,
    "wealth_max": 3.0,
    "eval_points": 200,
    "beta": 0.75,
    "device": "cpu",
    "log_every": 50,
    "num_replicas": 1
  },
  "mae": 105.0894695315323,
  "rmse": 140.1188102155024,
  "mape": 0.3642058661291575,
  "v_w_mae": 457.55436844762266,
  "v_w_norm": 225.3262176513672,
  "v_w_norm_true": 984.7001763309571,
  "hjb_rmse": 6.888828768117534,
  "dtd_noise_floor": 1.5602706659337817
}