{
  "params": {
    "r": 0.02,
    "mu": 0.08,
    "sigma": 0.1,
    "gamma": 2.0,
    "rho": 0.08
  },
  "policy": {
    "pi": 0.75,
    "kappa": 0.06125
  },
  "train_cfg": {
    "seed": 0,
    "batch_size": 256,
    "num_steps": 3000,
    "learning_rate": 0.002,
    "dt": 0.003968253968253968,
    "wealth_min": 0.3,
    "wealth_max": 3.0,
    "eval_points": 200,
    "beta": 0.25,
    "device": "cpu",
    "log_every": 20,
    "num_replicas": 1
  },
  "loss": "beta_dtd",
  "mae": 76.06464228657327,
  "rmse": 131.58013572521864,
  "mape": 0.20318358761227934,
  "v_w_mae": 445.3638434163099,
  "v_w_norm": 111.31066131591797,
  "v_w_norm_true": 772.0049382434704,
  "hjb_rmse": 10.104325630380789,
  "dtd_noise_floor": 0.3184706782198724
}