{
  "params": {
    "r": 0.02,
    "mu": 0.08,
    "sigma": 0.1,
    "gamma": 2.0,
    "rho": 0.08
  },
  "policy": {
    "pi": 0.75,
    "kappa": 0.06125
  },
  "train_cfg": {
    "seed": 0,
    "batch_size": 2048,
    "num_steps": 12000,
    "learning_rate": 0.002,
    "dt": 0.003968253968253968,
    "wealth_min": 0.3,
    "wealth_max": 3.0,
    "eval_points": 200,
    "beta": 0.5,
    "device": "cpu",
    "log_every": 100,
    "num_replicas": 32
  },
  "loss": "dtd_mean",
  "mae": 260.1551765085149,
  "rmse": 313.0649989193076,
  "mape": 0.9314384054774465,
  "v_w_mae": 501.2370128987747,
  "v_w_norm": 1.5270591974258423,
  "v_w_norm_true": 772.0049382434704,
  "hjb_rmse": 24.435006783100796,
  "dtd_noise_floor": 2.9197410955380706e-05
}