{
  "run_id": "sig0.2_lr0.002_B1024_beta_dtd_beta0.5_s1",
  "config": {
    "loss": "beta_dtd",
    "beta": 0.5,
    "sigma": 0.2,
    "lr": 0.002,
    "batch_size": 1024,
    "seed": 1,
    "r": 0.02,
    "mu": 0.08,
    "gamma": 2.0,
    "rho": 0.08,
    "pi": 0.75,
    "kappa": 0.06125,
    "num_steps": 15000,
    "dt": 0.003968253968253968,
    "wealth_min": 0.3,
    "wealth_max": 3.0,
    "eval_points": 200,
    "log_every": 50,
    "out_dir": "results/hpo_sweep",
    "run_id": "sig0.2_lr0.002_B1024_beta_dtd_beta0.5_s1"
  },
  "elapsed_sec": 312.10963892936707,
  "params": {
    "r": 0.02,
    "mu": 0.08,
    "sigma": 0.2,
    "gamma": 2.0,
    "rho": 0.08
  },
  "policy": {
    "pi": 0.75,
    "kappa": 0.06125
  },
  "train_cfg": {
    "seed": 1,
    "batch_size": 1024,
    "num_steps": 15000,
    "learning_rate": 0.002,
    "dt": 0.003968253968253968,
    "wealth_min": 0.3,
    "wealth_max": 3.0,
    "eval_points": 200,
    "beta": 0.5,
    "device": "cpu",
    "log_every": 50,
    "num_replicas": 1
  },
  "mae": 60.04368661389324,
  "rmse": 63.36062837389937,
  "mape": 0.2800081201572128,
  "v_w_mae": 175.88391868326005,
  "v_w_norm": 723.037353515625,
  "v_w_norm_true": 984.7001763309571,
  "hjb_rmse": 8.977618492499872,
  "dtd_noise_floor": 8.835120086455886
}