{
  "params": {
    "r": 0.02,
    "mu": 0.08,
    "sigma": 0.1,
    "gamma": 2.0,
    "rho": 0.08
  },
  "policy": {
    "pi": 0.75,
    "kappa": 0.06125
  },
  "train_cfg": {
    "seed": 0,
    "batch_size": 2048,
    "num_steps": 12000,
    "learning_rate": 0.002,
    "dt": 0.003968253968253968,
    "wealth_min": 0.3,
    "wealth_max": 3.0,
    "eval_points": 200,
    "beta": 0.5,
    "device": "cpu",
    "log_every": 100,
    "num_replicas": 1
  },
  "loss": "naive_dtd",
  "mae": 21.17146136216429,
  "rmse": 33.4331838398208,
  "mape": 0.060745173598572316,
  "v_w_mae": 118.77198064157248,
  "v_w_norm": 570.2998657226562,
  "v_w_norm_true": 772.0049382434704,
  "hjb_rmse": 2.826670254760847,
  "dtd_noise_floor": 1.4772129840395862
}