{
  "run_id": "sig0.2_lr0.005_B4096_beta_dtd_beta0.1_s0",
  "config": {
    "loss": "beta_dtd",
    "beta": 0.1,
    "sigma": 0.2,
    "lr": 0.005,
    "batch_size": 4096,
    "seed": 0,
    "r": 0.02,
    "mu": 0.08,
    "gamma": 2.0,
    "rho": 0.08,
    "pi": 0.75,
    "kappa": 0.06125,
    "num_steps": 15000,
    "dt": 0.003968253968253968,
    "wealth_min": 0.3,
    "wealth_max": 3.0,
    "eval_points": 200,
    "log_every": 50,
    "out_dir": "results/hpo_sweep",
    "run_id": "sig0.2_lr0.005_B4096_beta_dtd_beta0.1_s0"
  },
  "elapsed_sec": 385.5313370227814,
  "params": {
    "r": 0.02,
    "mu": 0.08,
    "sigma": 0.2,
    "gamma": 2.0,
    "rho": 0.08
  },
  "policy": {
    "pi": 0.75,
    "kappa": 0.06125
  },
  "train_cfg": {
    "seed": 0,
    "batch_size": 4096,
    "num_steps": 15000,
    "learning_rate": 0.005,
    "dt": 0.003968253968253968,
    "wealth_min": 0.3,
    "wealth_max": 3.0,
    "eval_points": 200,
    "beta": 0.1,
    "device": "cpu",
    "log_every": 50,
    "num_replicas": 1
  },
  "mae": 21.85162175123449,
  "rmse": 29.382835945450765,
  "mape": 0.05543382824513779,
  "v_w_mae": 144.95348942018674,
  "v_w_norm": 1125.9539794921875,
  "v_w_norm_true": 984.7001763309571,
  "hjb_rmse": 22.02385107814773,
  "dtd_noise_floor": 16.97547322181247
}