{
  "run_id": "sig0.05_lr0.002_B4096_beta_dtd_beta0.1_s0",
  "config": {
    "loss": "beta_dtd",
    "beta": 0.1,
    "sigma": 0.05,
    "lr": 0.002,
    "batch_size": 4096,
    "seed": 0,
    "r": 0.02,
    "mu": 0.08,
    "gamma": 2.0,
    "rho": 0.08,
    "pi": 0.75,
    "kappa": 0.06125,
    "num_steps": 15000,
    "dt": 0.003968253968253968,
    "wealth_min": 0.3,
    "wealth_max": 3.0,
    "eval_points": 200,
    "log_every": 50,
    "out_dir": "results/hpo_sweep",
    "run_id": "sig0.05_lr0.002_B4096_beta_dtd_beta0.1_s0"
  },
  "elapsed_sec": 392.3617157936096,
  "params": {
    "r": 0.02,
    "mu": 0.08,
    "sigma": 0.05,
    "gamma": 2.0,
    "rho": 0.08
  },
  "policy": {
    "pi": 0.75,
    "kappa": 0.06125
  },
  "train_cfg": {
    "seed": 0,
    "batch_size": 4096,
    "num_steps": 15000,
    "learning_rate": 0.002,
    "dt": 0.003968253968253968,
    "wealth_min": 0.3,
    "wealth_max": 3.0,
    "eval_points": 200,
    "beta": 0.1,
    "device": "cpu",
    "log_every": 50,
    "num_replicas": 1
  },
  "mae": 9.98907168715234,
  "rmse": 12.387507473423407,
  "mape": 0.0405755286409268,
  "v_w_mae": 76.10546787323128,
  "v_w_norm": 664.1734008789062,
  "v_w_norm_true": 732.4525030772962,
  "hjb_rmse": 1.3378602157617692,
  "dtd_noise_floor": 0.46861675195679275
}