{
  "betas": [
    0.0,
    0.1,
    0.25,
    0.5,
    0.75,
    0.9,
    1.0
  ],
  "final_mae": [
    33.6239212842811,
    34.253490999670085,
    40.72101871401546,
    61.51750656018403,
    108.32048701184166,
    175.61754270112863,
    344.31033915304727
  ],
  "final_v_w_norm": [
    601.6137084960938,
    596.3172607421875,
    574.395751953125,
    524.6395263671875,
    434.9322814941406,
    297.9092102050781,
    0.007358240894973278
  ],
  "v_w_norm_truth": 984.7001763309571,
  "meta": {
    "params": {
      "r": 0.02,
      "mu": 0.08,
      "sigma": 0.2,
      "gamma": 2.0,
      "rho": 0.08
    },
    "policy": {
      "pi": 0.75,
      "kappa": 0.06125
    },
    "num_steps": 12000,
    "lr": 0.002,
    "dt": 0.003968253968253968,
    "batch_size": 2048,
    "sigma": 0.2
  }
}