{"step": [0.0, 19.0], "loss": [0.2464400678873062, 0.35238850116729736], "td_mse": [0.24064581096172333, 0.23462148010730743], "dtd_mse": [0.24065004289150238, 0.23465147614479065], "pinn_mse": [NaN, NaN], "terminal_mse": [0.005794251803308725, 0.11776702851057053], "mae": [10.365760105698827, 9.90588779451633], "rmse": [14.370479584771815, 13.888886299371812], "mape": [1421482615.4112864, 14997896382.66105], "v_w_mae": [NaN, NaN], "v_w_norm": [NaN, NaN], "hjb_rmse": [NaN, NaN]}