{
  "params": {
    "r": 0.02,
    "mu": [
      0.08,
      0.08,
      0.08,
      0.08,
      0.08,
      0.08,
      0.08,
      0.08,
      0.08,
      0.08,
      0.08,
      0.08,
      0.08,
      0.08,
      0.08,
      0.08,
      0.08,
      0.08,
      0.08,
      0.08
    ],
    "sigma": [
      0.2,
      0.2,
      0.2,
      0.2,
      0.2,
      0.2,
      0.2,
      0.2,
      0.2,
      0.2,
      0.2,
      0.2,
      0.2,
      0.2,
      0.2,
      0.2,
      0.2,
      0.2,
      0.2,
      0.2
    ],
    "gamma": 2.0,
    "rho": 0.08
  },
  "policy": {
    "pi": [
      0.05,
      0.05,
      0.05,
      0.05,
      0.05,
      0.05,
      0.05,
      0.05,
      0.05,
      0.05,
      0.05,
      0.05,
      0.05,
      0.05,
      0.05,
      0.05,
      0.05,
      0.05,
      0.05,
      0.05
    ],
    "kappa": 0.06125
  },
  "train_cfg": {
    "seed": 0,
    "batch_size": 512,
    "num_steps": 12000,
    "learning_rate": 0.002,
    "dt": 0.003968253968253968,
    "wealth_min": 0.3,
    "wealth_max": 3.0,
    "eval_points": 200,
    "beta": 0.5,
    "device": "cpu",
    "log_every": 50,
    "num_replicas": 10000
  },
  "loss": "dtd_k",
  "config": {
    "loss": "dtd_k",
    "beta": 0.5,
    "sigma": "0.20,0.20,0.20,0.20,0.20,0.20,0.20,0.20,0.20,0.20,0.20,0.20,0.20,0.20,0.20,0.20,0.20,0.20,0.20,0.20",
    "lr": 0.002,
    "batch_size": 512,
    "seed": 0,
    "num_replicas": 10000
  },
  "mae": 20.315839409606784,
  "rmse": 36.6328928128142,
  "mape": 0.06273067088809009,
  "v_w_mae": 153.51125637981076,
  "v_w_norm": 341.31787109375,
  "v_w_norm_true": 623.3890005195981,
  "hjb_rmse": 4.762187490735621
}