{
  "run_id": "sig0.2_lr0.005_B1024_beta_dtd_beta0.75_s1",
  "config": {
    "loss": "beta_dtd",
    "beta": 0.75,
    "sigma": 0.2,
    "lr": 0.005,
    "batch_size": 1024,
    "seed": 1,
    "r": 0.02,
    "mu": 0.08,
    "gamma": 2.0,
    "rho": 0.08,
    "pi": 0.75,
    "kappa": 0.06125,
    "num_steps": 15000,
    "dt": 0.003968253968253968,
    "wealth_min": 0.3,
    "wealth_max": 3.0,
    "eval_points": 200,
    "log_every": 50,
    "out_dir": "results/hpo_sweep",
    "run_id": "sig0.2_lr0.005_B1024_beta_dtd_beta0.75_s1"
  },
  "elapsed_sec": 98.13851284980774,
  "params": {
    "r": 0.02,
    "mu": 0.08,
    "sigma": 0.2,
    "gamma": 2.0,
    "rho": 0.08
  },
  "policy": {
    "pi": 0.75,
    "kappa": 0.06125
  },
  "train_cfg": {
    "seed": 1,
    "batch_size": 1024,
    "num_steps": 15000,
    "learning_rate": 0.005,
    "dt": 0.003968253968253968,
    "wealth_min": 0.3,
    "wealth_max": 3.0,
    "eval_points": 200,
    "beta": 0.75,
    "device": "cpu",
    "log_every": 50,
    "num_replicas": 1
  },
  "mae": 139.88271737614224,
  "rmse": 154.75346209412868,
  "mape": 0.7586774550853462,
  "v_w_mae": 239.63381450914832,
  "v_w_norm": 613.6616821289062,
  "v_w_norm_true": 984.7001763309571,
  "hjb_rmse": 15.446017854691746,
  "dtd_noise_floor": 6.40325252348424
}