{"step": [0.0, 100.0, 200.0, 300.0, 400.0, 500.0, 600.0, 700.0, 800.0, 900.0, 1000.0, 1100.0, 1200.0, 1300.0, 1400.0, 1500.0, 1600.0, 1700.0, 1800.0, 1900.0, 2000.0, 2100.0, 2200.0, 2300.0, 2400.0, 2500.0, 2600.0, 2700.0, 2800.0, 2900.0, 2999.0], "loss": [0.00999080017209053, 0.009146100841462612, 0.008490367792546749, 0.007873116061091423, 0.007256431505084038, 0.006731767673045397, 0.006316464394330978, 0.005872880574315786, 0.005464569665491581, 0.17972911894321442, 0.07938093692064285, 0.1085352748632431, 0.1053558960556984, 0.11096730083227158, 0.1102449893951416, 0.1409919261932373, 0.16940438747406006, 0.19759659469127655, 0.22629553079605103, 0.22685591876506805, 0.3080623745918274, 0.3948433995246887, 0.3474442660808563, 0.30835849046707153, 0.3370892107486725, 0.33944210410118103, 0.44952282309532166, 0.5616692304611206, 0.43724188208580017, 0.4422202706336975, 0.5623337030410767], "td_mse": [0.00999080017209053, 0.009146100841462612, 0.008490367792546749, 0.007873116061091423, 0.007256431505084038, 0.006731767673045397, 0.006316464394330978, 0.005872880574315786, 0.005464569665491581, 0.17972911894321442, 0.07938093692064285, 0.1085352748632431, 0.1053558960556984, 0.11096730083227158, 0.1102449893951416, 0.1409919261932373, 0.16940438747406006, 0.19759659469127655, 0.22629553079605103, 0.22685591876506805, 0.3080623745918274, 0.3948433995246887, 0.3474442660808563, 0.30835849046707153, 0.3370892107486725, 0.33944210410118103, 0.44952282309532166, 0.5616692304611206, 0.43724188208580017, 0.4422202706336975, 0.5623337030410767], "dtd_mse": [0.009990798309445381, 0.009145901538431644, 0.008490074425935745, 0.007872743532061577, 0.007255859673023224, 0.006731509231030941, 0.006315869744867086, 0.005871882662177086, 0.005463871639221907, 0.1797594279050827, 0.07942377775907516, 0.10856731235980988, 0.1053723469376564, 0.11100010573863983, 0.11029292643070221, 0.1410233974456787, 0.1694505214691162, 0.1977083384990692, 0.22634342312812805, 0.22689399123191833, 0.30810219049453735, 0.395002156496048, 0.34760990738868713, 0.308400422334671, 0.3371466398239136, 0.33958834409713745, 0.44966739416122437, 0.5618898272514343, 0.4374072849750519, 0.4424606263637543, 0.5625247955322266], "pinn_mse": [NaN, NaN, NaN, NaN, NaN, NaN, NaN, NaN, NaN, NaN, NaN, NaN, NaN, NaN, NaN, NaN, NaN, NaN, NaN, NaN, NaN, NaN, NaN, NaN, NaN, NaN, NaN, NaN, NaN, NaN, NaN], "terminal_mse": [NaN, NaN, NaN, NaN, NaN, NaN, NaN, NaN, NaN, NaN, NaN, NaN, NaN, NaN, NaN, NaN, NaN, NaN, NaN, NaN, NaN, NaN, NaN, NaN, NaN, NaN, NaN, NaN, NaN, NaN, NaN], "mae": [236.1043093626655, 218.91211000298028, 205.5215967736102, 192.89232330177794, 180.79954347466003, 169.51553693610637, 160.14880544094495, 152.43131829009445, 146.07939133326934, 142.51494590614806, 127.97188543706032, 122.3474823937274, 117.935339392171, 112.08064617253108, 107.25336989605616, 100.12015539429017, 94.84271647664829, 92.74782059289203, 88.57706092690002, 82.51335257125244, 81.70972459213004, 79.92113532875548, 72.93364846615248, 68.50876770451892, 69.86590933731584, 63.547997600418505, 61.2356259067071, 65.89146731726724, 57.34169849893966, 62.041837146785, 53.66571672256885], "rmse": [280.6002804029532, 266.2638022673194, 255.38981981508732, 245.34681690528208, 235.96015607833075, 227.15507557703162, 218.9015727358711, 211.19385920309858, 204.0454588861112, 197.57882017188658, 190.08618477397854, 183.6980890053511, 177.72864403232148, 171.7000215812757, 166.12426285497818, 160.5770526503178, 155.29070684095385, 150.41400011907018, 145.6023644505554, 140.87556381075171, 136.69135948710993, 132.41519051129333, 127.91593349995047, 123.82925761372493, 120.09609715682322, 116.36609426932186, 112.70893925786739, 110.76314547412106, 106.45720445092427, 103.74932734886825, 99.99169795854766], "mape": [0.9972048343624857, 0.8860076409460543, 0.7989506153866662, 0.7169923375454604, 0.638547227853284, 0.5688889153205348, 0.5243657729395088, 0.4984043878093186, 0.48549306397615444, 0.4978545523808131, 0.36898343931568944, 0.35493988981450597, 0.34498373669082555, 0.3300325320969514, 0.3215566872632938, 0.2699636833542747, 0.24852642897483407, 0.2546480038649477, 0.23711426924464413, 0.20641006268383177, 0.22754599718254526, 0.2364399860183288, 0.18699578499939595, 0.1726089990738403, 0.198764953366665, 0.1565655750793482, 0.16113732559511043, 0.24070231082557114, 0.14334878975262264, 0.20548410043558638, 0.14201926510983098], "v_w_mae": [435.77248572089627, 435.64630311186124, 435.69008259149086, 435.7008956848915, 435.7051977213653, 435.70684469207185, 435.70660515730685, 435.70333921738296, 435.68236163450933, 427.6731682355091, 422.5470497056849, 419.1194264455246, 413.4440216686701, 418.2727522622131, 415.54112967678986, 407.0687137857388, 404.40120408979726, 400.65550089596263, 393.9487881225948, 391.2010831630641, 394.4175828305383, 395.31594242136106, 384.161072100552, 381.53979995647, 387.39380487242573, 367.770333804193, 371.36077081265313, 373.98217914601935, 358.8622082751723, 372.23076213021443, 372.6875956758756], "v_w_norm": [0.14414477348327637, 0.12265804409980774, 0.050100650638341904, 0.030481979250907898, 0.02272218093276024, 0.019763078540563583, 0.020187655463814735, 0.026237519457936287, 0.06832154095172882, 36.04765319824219, 23.482933044433594, 30.019775390625, 34.397186279296875, 30.80027198791504, 34.420166015625, 46.718902587890625, 51.47357940673828, 63.717552185058594, 69.35063934326172, 67.07276916503906, 67.53504180908203, 93.12957763671875, 87.72982025146484, 85.19281005859375, 87.3947982788086, 100.45598602294922, 114.76461791992188, 115.41848754882812, 116.16305541992188, 109.69745635986328, 124.91777801513672], "hjb_rmse": [25.28876964316407, 24.13895360394671, 23.26603476664693, 22.456692916284478, 21.69715628137372, 20.98123471007981, 20.306263289423075, 19.671538247462486, 19.0781077979343, 18.514806749205977, 17.934774446146722, 17.40381054031776, 16.882938713270335, 16.4424323398043, 15.976738790549993, 15.485882417572215, 15.061241615107095, 14.66620622284418, 14.23040562759132, 13.809001918668123, 13.440832311877074, 13.196412972805268, 12.773669241135686, 12.409507168628739, 12.184086132451004, 11.72450639124409, 11.578647892634478, 11.358088730431318, 10.87615692512042, 10.85475047281012, 10.516841509105596]}