{
  "run_id": "sig0.2_lr0.005_B1024_beta_dtd_beta0.1_s1",
  "config": {
    "loss": "beta_dtd",
    "beta": 0.1,
    "sigma": 0.2,
    "lr": 0.005,
    "batch_size": 1024,
    "seed": 1,
    "r": 0.02,
    "mu": 0.08,
    "gamma": 2.0,
    "rho": 0.08,
    "pi": 0.75,
    "kappa": 0.06125,
    "num_steps": 15000,
    "dt": 0.003968253968253968,
    "wealth_min": 0.3,
    "wealth_max": 3.0,
    "eval_points": 200,
    "log_every": 50,
    "out_dir": "results/hpo_sweep",
    "run_id": "sig0.2_lr0.005_B1024_beta_dtd_beta0.1_s1"
  },
  "elapsed_sec": 99.58813190460205,
  "params": {
    "r": 0.02,
    "mu": 0.08,
    "sigma": 0.2,
    "gamma": 2.0,
    "rho": 0.08
  },
  "policy": {
    "pi": 0.75,
    "kappa": 0.06125
  },
  "train_cfg": {
    "seed": 1,
    "batch_size": 1024,
    "num_steps": 15000,
    "learning_rate": 0.005,
    "dt": 0.003968253968253968,
    "wealth_min": 0.3,
    "wealth_max": 3.0,
    "eval_points": 200,
    "beta": 0.1,
    "device": "cpu",
    "log_every": 50,
    "num_replicas": 1
  },
  "mae": 52.12013414362651,
  "rmse": 59.98227440763083,
  "mape": 0.18598450092633967,
  "v_w_mae": 225.52027003938886,
  "v_w_norm": 1217.0107421875,
  "v_w_norm_true": 984.7001763309571,
  "hjb_rmse": 36.74695297169931,
  "dtd_noise_floor": 21.939114307790188
}