{
  "run_id": "sig0.05_lr0.002_B256_beta_dtd_beta0.75_s0",
  "config": {
    "loss": "beta_dtd",
    "beta": 0.75,
    "sigma": 0.05,
    "lr": 0.002,
    "batch_size": 256,
    "seed": 0,
    "r": 0.02,
    "mu": 0.08,
    "gamma": 2.0,
    "rho": 0.08,
    "pi": 0.75,
    "kappa": 0.06125,
    "num_steps": 15000,
    "dt": 0.003968253968253968,
    "wealth_min": 0.3,
    "wealth_max": 3.0,
    "eval_points": 200,
    "log_every": 50,
    "out_dir": "results/hpo_sweep",
    "run_id": "sig0.05_lr0.002_B256_beta_dtd_beta0.75_s0"
  },
  "elapsed_sec": 36.91891884803772,
  "params": {
    "r": 0.02,
    "mu": 0.08,
    "sigma": 0.05,
    "gamma": 2.0,
    "rho": 0.08
  },
  "policy": {
    "pi": 0.75,
    "kappa": 0.06125
  },
  "train_cfg": {
    "seed": 0,
    "batch_size": 256,
    "num_steps": 15000,
    "learning_rate": 0.002,
    "dt": 0.003968253968253968,
    "wealth_min": 0.3,
    "wealth_max": 3.0,
    "eval_points": 200,
    "beta": 0.75,
    "device": "cpu",
    "log_every": 50,
    "num_replicas": 1
  },
  "mae": 18.40209172745407,
  "rmse": 28.992413880693622,
  "mape": 0.06907541365469669,
  "v_w_mae": 215.88243421392102,
  "v_w_norm": 409.4015197753906,
  "v_w_norm_true": 732.4525030772962,
  "hjb_rmse": 2.620076538230705,
  "dtd_noise_floor": 0.3040754695906347
}