{
  "run_id": "sig0.05_lr0.005_B4096_beta_dtd_beta0.25_s2",
  "config": {
    "loss": "beta_dtd",
    "beta": 0.25,
    "sigma": 0.05,
    "lr": 0.005,
    "batch_size": 4096,
    "seed": 2,
    "r": 0.02,
    "mu": 0.08,
    "gamma": 2.0,
    "rho": 0.08,
    "pi": 0.75,
    "kappa": 0.06125,
    "num_steps": 15000,
    "dt": 0.003968253968253968,
    "wealth_min": 0.3,
    "wealth_max": 3.0,
    "eval_points": 200,
    "log_every": 50,
    "out_dir": "results/hpo_sweep",
    "run_id": "sig0.05_lr0.005_B4096_beta_dtd_beta0.25_s2"
  },
  "elapsed_sec": 1290.2711210250854,
  "params": {
    "r": 0.02,
    "mu": 0.08,
    "sigma": 0.05,
    "gamma": 2.0,
    "rho": 0.08
  },
  "policy": {
    "pi": 0.75,
    "kappa": 0.06125
  },
  "train_cfg": {
    "seed": 2,
    "batch_size": 4096,
    "num_steps": 15000,
    "learning_rate": 0.005,
    "dt": 0.003968253968253968,
    "wealth_min": 0.3,
    "wealth_max": 3.0,
    "eval_points": 200,
    "beta": 0.25,
    "device": "cpu",
    "log_every": 50,
    "num_replicas": 1
  },
  "mae": 15.910256741931393,
  "rmse": 21.53461733093412,
  "mape": 0.06121217200606969,
  "v_w_mae": 111.82835689482363,
  "v_w_norm": 580.8511352539062,
  "v_w_norm_true": 732.4525030772962,
  "hjb_rmse": 2.252003017125549,
  "dtd_noise_floor": 0.3945133236653534
}