{
  "run_id": "sig0.2_lr0.002_B1024_beta_dtd_beta0.5_s0",
  "config": {
    "loss": "beta_dtd",
    "beta": 0.5,
    "sigma": 0.2,
    "lr": 0.002,
    "batch_size": 1024,
    "seed": 0,
    "r": 0.02,
    "mu": 0.08,
    "gamma": 2.0,
    "rho": 0.08,
    "pi": 0.75,
    "kappa": 0.06125,
    "num_steps": 15000,
    "dt": 0.003968253968253968,
    "wealth_min": 0.3,
    "wealth_max": 3.0,
    "eval_points": 200,
    "log_every": 50,
    "out_dir": "results/hpo_sweep",
    "run_id": "sig0.2_lr0.002_B1024_beta_dtd_beta0.5_s0"
  },
  "elapsed_sec": 288.5388147830963,
  "params": {
    "r": 0.02,
    "mu": 0.08,
    "sigma": 0.2,
    "gamma": 2.0,
    "rho": 0.08
  },
  "policy": {
    "pi": 0.75,
    "kappa": 0.06125
  },
  "train_cfg": {
    "seed": 0,
    "batch_size": 1024,
    "num_steps": 15000,
    "learning_rate": 0.002,
    "dt": 0.003968253968253968,
    "wealth_min": 0.3,
    "wealth_max": 3.0,
    "eval_points": 200,
    "beta": 0.5,
    "device": "cpu",
    "log_every": 50,
    "num_replicas": 1
  },
  "mae": 63.12578781524263,
  "rmse": 67.38567287314012,
  "mape": 0.313724920498362,
  "v_w_mae": 166.60156511265254,
  "v_w_norm": 742.0850219726562,
  "v_w_norm_true": 984.7001763309571,
  "hjb_rmse": 9.657356824989817,
  "dtd_noise_floor": 9.284310496087928
}