{
  "run_id": "sig0.05_lr0.005_B4096_beta_dtd_beta0.75_s2",
  "config": {
    "loss": "beta_dtd",
    "beta": 0.75,
    "sigma": 0.05,
    "lr": 0.005,
    "batch_size": 4096,
    "seed": 2,
    "r": 0.02,
    "mu": 0.08,
    "gamma": 2.0,
    "rho": 0.08,
    "pi": 0.75,
    "kappa": 0.06125,
    "num_steps": 15000,
    "dt": 0.003968253968253968,
    "wealth_min": 0.3,
    "wealth_max": 3.0,
    "eval_points": 200,
    "log_every": 50,
    "out_dir": "results/hpo_sweep",
    "run_id": "sig0.05_lr0.005_B4096_beta_dtd_beta0.75_s2"
  },
  "elapsed_sec": 1109.539412021637,
  "params": {
    "r": 0.02,
    "mu": 0.08,
    "sigma": 0.05,
    "gamma": 2.0,
    "rho": 0.08
  },
  "policy": {
    "pi": 0.75,
    "kappa": 0.06125
  },
  "train_cfg": {
    "seed": 2,
    "batch_size": 4096,
    "num_steps": 15000,
    "learning_rate": 0.005,
    "dt": 0.003968253968253968,
    "wealth_min": 0.3,
    "wealth_max": 3.0,
    "eval_points": 200,
    "beta": 0.75,
    "device": "cpu",
    "log_every": 50,
    "num_replicas": 1
  },
  "mae": 15.548387742708053,
  "rmse": 30.28282309637562,
  "mape": 0.04602950197021249,
  "v_w_mae": 142.38729877864796,
  "v_w_norm": 463.6107482910156,
  "v_w_norm_true": 732.4525030772962,
  "hjb_rmse": 2.7444038254161636,
  "dtd_noise_floor": 0.28613131377556766
}