{
  "mae": 251.252659654378,
  "rmse": 282.7426143137818,
  "mape": 1.8297493149686437,
  "v_w_mae": 502.54353366255816,
  "v_w_norm": 0.03720289468765259,
  "v_w_norm_true": 772.0049382434704,
  "hjb_rmse": 22.82574160072264
}