{
  "run_id": "sig0.2_lr0.005_B1024_beta_dtd_beta0.1_s2",
  "config": {
    "loss": "beta_dtd",
    "beta": 0.1,
    "sigma": 0.2,
    "lr": 0.005,
    "batch_size": 1024,
    "seed": 2,
    "r": 0.02,
    "mu": 0.08,
    "gamma": 2.0,
    "rho": 0.08,
    "pi": 0.75,
    "kappa": 0.06125,
    "num_steps": 15000,
    "dt": 0.003968253968253968,
    "wealth_min": 0.3,
    "wealth_max": 3.0,
    "eval_points": 200,
    "log_every": 50,
    "out_dir": "results/hpo_sweep",
    "run_id": "sig0.2_lr0.005_B1024_beta_dtd_beta0.1_s2"
  },
  "elapsed_sec": 96.8213312625885,
  "params": {
    "r": 0.02,
    "mu": 0.08,
    "sigma": 0.2,
    "gamma": 2.0,
    "rho": 0.08
  },
  "policy": {
    "pi": 0.75,
    "kappa": 0.06125
  },
  "train_cfg": {
    "seed": 2,
    "batch_size": 1024,
    "num_steps": 15000,
    "learning_rate": 0.005,
    "dt": 0.003968253968253968,
    "wealth_min": 0.3,
    "wealth_max": 3.0,
    "eval_points": 200,
    "beta": 0.1,
    "device": "cpu",
    "log_every": 50,
    "num_replicas": 1
  },
  "mae": 11.240472049996704,
  "rmse": 13.506854031350837,
  "mape": 0.045411943509860705,
  "v_w_mae": 162.0120807298335,
  "v_w_norm": 854.2061767578125,
  "v_w_norm_true": 984.7001763309571,
  "hjb_rmse": 22.21129853191054,
  "dtd_noise_floor": 13.730794981852487
}