{"step": [0.0, 100.0, 200.0, 300.0, 400.0, 500.0, 600.0, 700.0, 800.0, 900.0, 1000.0, 1100.0, 1200.0, 1300.0, 1400.0, 1500.0, 1600.0, 1700.0, 1800.0, 1900.0, 2000.0, 2100.0, 2200.0, 2300.0, 2400.0, 2500.0, 2600.0, 2700.0, 2800.0, 2900.0, 2999.0], "loss": [0.00999080017209053, 0.009146077558398247, 0.008490337990224361, 0.007873107679188251, 0.007256397046148777, 0.006731739733368158, 0.006316440179944038, 0.005872798152267933, 0.005464501678943634, 0.1466248631477356, 0.07027039676904678, 0.10562008619308472, 0.09925313293933868, 0.10430401563644409, 0.10552055388689041, 0.1390310525894165, 0.16289003193378448, 0.19132259488105774, 0.21121840178966522, 0.22086498141288757, 0.30507543683052063, 0.3939218521118164, 0.3383307456970215, 0.29831042885780334, 0.32710176706314087, 0.33197200298309326, 0.46153753995895386, 0.4802822768688202, 0.4130951464176178, 0.42676112055778503, 0.5378754138946533], "td_mse": [0.00999080017209053, 0.009146086871623993, 0.00849035196006298, 0.007873127236962318, 0.007256425451487303, 0.006731752306222916, 0.006316470447927713, 0.005872846581041813, 0.0054645356722176075, 0.14662374556064606, 0.07026831805706024, 0.10561835765838623, 0.09925222396850586, 0.10430234670639038, 0.10551845282316208, 0.13902932405471802, 0.16288834810256958, 0.19131767749786377, 0.21121588349342346, 0.22086328268051147, 0.3050730526447296, 0.39391496777534485, 0.3383236229419708, 0.298308789730072, 0.32709938287734985, 0.33196449279785156, 0.46153149008750916, 0.4802718758583069, 0.413086473941803, 0.4267502725124359, 0.5378686189651489], "dtd_mse": [0.009990798309445381, 0.00914589874446392, 0.008490071631968021, 0.007872741669416428, 0.007255857344716787, 0.006731507368385792, 0.006315867882221937, 0.005871881730854511, 0.005463855341076851, 0.14664635062217712, 0.07030987739562988, 0.10565288364887238, 0.09927049279212952, 0.10433563590049744, 0.10556059330701828, 0.1390639990568161, 0.16292226314544678, 0.19141602516174316, 0.2112663835287094, 0.22089722752571106, 0.30512115359306335, 0.3940528631210327, 0.33846619725227356, 0.2983412444591522, 0.3271472156047821, 0.33211493492126465, 0.4616527855396271, 0.48048001527786255, 0.41325974464416504, 0.42696720361709595, 0.5380049347877502], "pinn_mse": [NaN, NaN, NaN, NaN, NaN, NaN, NaN, NaN, NaN, NaN, NaN, NaN, NaN, NaN, NaN, NaN, NaN, NaN, NaN, NaN, NaN, NaN, NaN, NaN, NaN, NaN, NaN, NaN, NaN, NaN, NaN], "terminal_mse": [NaN, NaN, NaN, NaN, NaN, NaN, NaN, NaN, NaN, NaN, NaN, NaN, NaN, NaN, NaN, NaN, NaN, NaN, NaN, NaN, NaN, NaN, NaN, NaN, NaN, NaN, NaN, NaN, NaN, NaN, NaN], "mae": [236.10430937935482, 218.91208644722468, 205.52156803940306, 192.89228908394347, 180.79950349663267, 169.51549939948526, 160.14877465633802, 152.4312934182683, 146.07938240687773, 140.82726266716492, 128.08501757517087, 122.41804353569518, 117.48946557854185, 112.45258884526056, 107.50395930493067, 100.43418668550696, 94.91728613736313, 92.47016049542188, 87.78138259743224, 82.75284887598065, 81.61160334506799, 80.26358093117247, 72.92111861124265, 69.06295439877616, 70.27080511978654, 63.86599863839576, 61.613435677425905, 61.7995354765601, 57.44405860389089, 62.181703098323084, 53.27986172487948], "rmse": [280.60028042146183, 266.2637881327756, 255.38979730671454, 245.3467900696792, 235.9601254457856, 227.15504461489115, 218.90154380625404, 211.19383164239034, 204.04543233048716, 197.30865498714937, 190.09092681433629, 183.70857848066564, 177.7174171254297, 171.73790012504375, 166.1626962989724, 160.609738946919, 155.30574518067488, 150.42385261273458, 145.60164459697933, 140.92922932844507, 136.73994851165264, 132.50485499890084, 127.97666072783322, 123.91950280013737, 120.20146995929007, 116.45795144622276, 112.82688855031256, 109.77029568178108, 106.37307327634663, 103.67203112625408, 99.86812260667945], "mape": [0.9972048344316903, 0.8860074320089639, 0.7989504229464691, 0.7169921150179028, 0.6385469684381997, 0.5688887108009154, 0.5243656495683203, 0.498404334115599, 0.4854932540219653, 0.4756403095417102, 0.3710773703307022, 0.35510508214475434, 0.3391549681281408, 0.33476562172203905, 0.3245791562301803, 0.27296680540072354, 0.2509307906234012, 0.2518879545477315, 0.22844365505669956, 0.20849143282275392, 0.2256778911119509, 0.23837248747365652, 0.18675485958059318, 0.1775710640577176, 0.20324431519955033, 0.16076856091409095, 0.1667146161558793, 0.1904200485797694, 0.145416190485356, 0.2102194898295174, 0.1406855044041265], "v_w_mae": [435.7724857310407, 435.64631825001436, 435.690084005748, 435.7008957708887, 435.705197630524, 435.7068447192178, 435.7066054987067, 435.70334134745667, 435.68239783800135, 426.45950009383813, 423.0177456814044, 419.3140526851345, 414.0305457773219, 418.1518870387322, 415.670694730323, 406.8995170907038, 404.30762358410624, 399.94893575773915, 393.6316422583826, 391.42969361576723, 394.12658061179354, 395.1814946598393, 383.80602753689726, 381.2815715786644, 386.34531306146425, 368.19723137644377, 371.0503565592412, 370.28356683808954, 357.26169586404615, 369.7027616667095, 368.1548615167669], "v_w_norm": [0.14414477348327637, 0.12263906747102737, 0.05009832605719566, 0.030481578782200813, 0.022722112014889717, 0.01976284757256508, 0.020186858251690865, 0.026233339682221413, 0.06824523210525513, 32.23127365112305, 21.941118240356445, 29.90234375, 33.580570220947266, 29.880067825317383, 33.70438766479492, 46.88254928588867, 49.924766540527344, 62.73984146118164, 67.68175506591797, 66.47340393066406, 67.45323181152344, 93.30582427978516, 86.73538970947266, 83.55302429199219, 86.0047378540039, 99.23274230957031, 113.89439392089844, 111.71331024169922, 114.88806915283203, 109.173095703125, 123.20153045654297], "hjb_rmse": [25.288769644786843, 24.138952675997274, 23.26603297402412, 22.456690745534914, 21.69715380399321, 20.981232207476488, 20.306260927227168, 19.671535958066524, 19.078105287172228, 18.501042004641317, 17.93233498604007, 17.40462069558796, 16.884510791370708, 16.441920252207602, 15.975032347070039, 15.488976436773113, 15.056053147241906, 14.65753794123382, 14.230144087229622, 13.811058044941756, 13.445959196245399, 13.197045207642459, 12.76421518214067, 12.403240324907273, 12.177228254340283, 11.728353403881187, 11.57044188909104, 11.237304381332573, 10.848741432689408, 10.815734501172477, 10.459477131027286]}