{
  "run_id": "sig0.05_lr0.0005_B1024_beta_dtd_beta0.1_s2",
  "config": {
    "loss": "beta_dtd",
    "beta": 0.1,
    "sigma": 0.05,
    "lr": 0.0005,
    "batch_size": 1024,
    "seed": 2,
    "r": 0.02,
    "mu": 0.08,
    "gamma": 2.0,
    "rho": 0.08,
    "pi": 0.75,
    "kappa": 0.06125,
    "num_steps": 15000,
    "dt": 0.003968253968253968,
    "wealth_min": 0.3,
    "wealth_max": 3.0,
    "eval_points": 200,
    "log_every": 50,
    "out_dir": "results/hpo_sweep",
    "run_id": "sig0.05_lr0.0005_B1024_beta_dtd_beta0.1_s2"
  },
  "elapsed_sec": 95.95067715644836,
  "params": {
    "r": 0.02,
    "mu": 0.08,
    "sigma": 0.05,
    "gamma": 2.0,
    "rho": 0.08
  },
  "policy": {
    "pi": 0.75,
    "kappa": 0.06125
  },
  "train_cfg": {
    "seed": 2,
    "batch_size": 1024,
    "num_steps": 15000,
    "learning_rate": 0.0005,
    "dt": 0.003968253968253968,
    "wealth_min": 0.3,
    "wealth_max": 3.0,
    "eval_points": 200,
    "beta": 0.1,
    "device": "cpu",
    "log_every": 50,
    "num_replicas": 1
  },
  "mae": 32.06703617609506,
  "rmse": 71.12085871957031,
  "mape": 0.06706058487299121,
  "v_w_mae": 331.27817092787853,
  "v_w_norm": 225.50885009765625,
  "v_w_norm_true": 732.4525030772962,
  "hjb_rmse": 6.2145559431563635,
  "dtd_noise_floor": 0.16402037867169214
}