{
  "run_id": "sig0.05_lr0.0005_B1024_beta_dtd_beta0.5_s0",
  "config": {
    "loss": "beta_dtd",
    "beta": 0.5,
    "sigma": 0.05,
    "lr": 0.0005,
    "batch_size": 1024,
    "seed": 0,
    "r": 0.02,
    "mu": 0.08,
    "gamma": 2.0,
    "rho": 0.08,
    "pi": 0.75,
    "kappa": 0.06125,
    "num_steps": 15000,
    "dt": 0.003968253968253968,
    "wealth_min": 0.3,
    "wealth_max": 3.0,
    "eval_points": 200,
    "log_every": 50,
    "out_dir": "results/hpo_sweep",
    "run_id": "sig0.05_lr0.0005_B1024_beta_dtd_beta0.5_s0"
  },
  "elapsed_sec": 96.85096406936646,
  "params": {
    "r": 0.02,
    "mu": 0.08,
    "sigma": 0.05,
    "gamma": 2.0,
    "rho": 0.08
  },
  "policy": {
    "pi": 0.75,
    "kappa": 0.06125
  },
  "train_cfg": {
    "seed": 0,
    "batch_size": 1024,
    "num_steps": 15000,
    "learning_rate": 0.0005,
    "dt": 0.003968253968253968,
    "wealth_min": 0.3,
    "wealth_max": 3.0,
    "eval_points": 200,
    "beta": 0.5,
    "device": "cpu",
    "log_every": 50,
    "num_replicas": 1
  },
  "mae": 35.00500864545585,
  "rmse": 71.76847122780117,
  "mape": 0.0838827510839296,
  "v_w_mae": 332.9301902377945,
  "v_w_norm": 211.04251098632812,
  "v_w_norm_true": 732.4525030772962,
  "hjb_rmse": 6.249890841632872,
  "dtd_noise_floor": 0.15283135029685144
}