{
  "run_id": "sig0.2_lr0.005_B256_beta_dtd_beta0.5_s1",
  "config": {
    "loss": "beta_dtd",
    "beta": 0.5,
    "sigma": 0.2,
    "lr": 0.005,
    "batch_size": 256,
    "seed": 1,
    "r": 0.02,
    "mu": 0.08,
    "gamma": 2.0,
    "rho": 0.08,
    "pi": 0.75,
    "kappa": 0.06125,
    "num_steps": 15000,
    "dt": 0.003968253968253968,
    "wealth_min": 0.3,
    "wealth_max": 3.0,
    "eval_points": 200,
    "log_every": 50,
    "out_dir": "results/hpo_sweep",
    "run_id": "sig0.2_lr0.005_B256_beta_dtd_beta0.5_s1"
  },
  "elapsed_sec": 105.8956789970398,
  "params": {
    "r": 0.02,
    "mu": 0.08,
    "sigma": 0.2,
    "gamma": 2.0,
    "rho": 0.08
  },
  "policy": {
    "pi": 0.75,
    "kappa": 0.06125
  },
  "train_cfg": {
    "seed": 1,
    "batch_size": 256,
    "num_steps": 15000,
    "learning_rate": 0.005,
    "dt": 0.003968253968253968,
    "wealth_min": 0.3,
    "wealth_max": 3.0,
    "eval_points": 200,
    "beta": 0.5,
    "device": "cpu",
    "log_every": 50,
    "num_replicas": 1
  },
  "mae": 144.41468877292095,
  "rmse": 146.07531842471772,
  "mape": 0.6114444509986273,
  "v_w_mae": 179.50964545534447,
  "v_w_norm": 925.728759765625,
  "v_w_norm_true": 984.7001763309571,
  "hjb_rmse": 24.65669199248432,
  "dtd_noise_floor": 15.319964551689232
}